ds,inflow_operating_revenue_actual,inflow_operating_revenue_forecast,inflow_operating_revenue_lower,inflow_operating_revenue_upper,outflow_cogs_actual,outflow_cogs_forecast,outflow_cogs_lower,outflow_cogs_upper,outflow_opex_actual,outflow_opex_forecast,outflow_opex_lower,outflow_opex_upper
2000-01-01,684349908.449548,694355423.5030621,636871858.875631,749624423.8069849,313926966.96812195,321941229.01489455,294243208.3046212,350741322.07830644,102652486.2674322,104329917.26787953,96093526.30856974,112693342.38470481
2000-02-01,703521226.0250952,690302533.0487711,636747214.2272991,746313415.832291,324055635.88487154,318161775.74215734,290471748.9583459,347478685.3129846,105528183.90376428,103764306.52823585,95102801.03847954,112351330.25868437
2000-03-01,675640528.5293521,670719495.082605,614418872.1156833,727037567.0442232,313043907.4646847,311345424.2863058,285334700.36612415,340251781.90881044,101346079.2794028,100838751.98576026,92489959.6477544,109036373.2094015
2000-04-01,672179589.5476955,702297450.7916822,647137562.229692,758791468.6104035,311258224.91330475,325721885.64664584,297910199.65579426,354815332.779865,100826938.43215431,105479005.119296,96957062.9814243,114401630.42569564
2000-05-01,649399800.7255468,708464570.1632062,653114022.8785448,765725817.7532845,301237728.311458,331540907.68955725,300515092.1136275,360085188.31400776,97409970.10883202,106411019.68191765,98185625.45365088,114696429.97849913
2000-06-01,636841256.3833123,681559676.9813086,629755074.6982303,734687898.5838438,297137722.3749632,320827379.94696987,293599041.0164371,349064292.03721833,95526188.45749684,102292577.68348743,94303447.91367541,111319910.78374478
2000-07-01,649543115.5258151,707517151.6624962,655908300.023192,764379377.8082458,303944139.6177111,332870758.040079,306923458.29399735,361808331.04249024,97431467.32887226,105954392.77160339,98017478.82051137,114313570.70232517
2000-08-01,647258266.8512638,689383924.3470004,637315792.1677336,747087047.91875,302874978.3134904,324121891.79912966,295305425.86485404,351499051.1335689,97088740.02768956,103576988.0587243,95548922.11388592,112236846.825142
2000-09-01,671940172.0984231,693894255.9404078,639731225.153172,752780501.5804898,316063088.4750856,326875592.05369896,298164123.2407892,353056161.9917381,100791025.81476349,103944010.33203435,95710584.14169936,112473310.74822454
2000-10-01,643766358.9712143,676081667.6384943,624783029.0025018,730293331.0689372,303334154.07229936,316276945.5666013,286705914.3799336,345100584.7960572,96564953.84568214,101598957.03556174,93234806.89099963,109887978.3376419
2000-11-01,599250540.118578,660861608.7539372,603932706.0037183,719559512.3234223,282845997.3699339,312890804.8853832,282499796.93960655,341679696.24731225,89887581.0177867,99736712.31885356,92266075.06383641,108698652.90829276
2000-12-01,584380698.7962962,618584026.5892586,562988584.8119373,676102245.6169972,276460796.7251759,296881644.1584053,267775406.19914153,324840550.428941,87657104.81944443,92804053.77154233,84020892.48579827,100950386.24733676
2001-01-01,644979942.1168945,595553088.9754031,539082406.0000902,650825166.1520017,306876882.08053005,285200925.9935806,257059993.96122894,312588009.8244077,96746991.31753416,89127912.33664654,81011319.9630417,97756475.99415083
2001-02-01,623397063.0848606,584797699.8524582,529776129.9848612,640714319.4449443,297283545.7310372,282494804.74159276,255064927.31075257,310715898.3949958,93509559.46272908,87236703.14609256,78839779.41435038,95153833.95840609
2001-03-01,605546449.7950482,572854347.4867809,517101215.7820289,623094899.6905804,288935078.27719474,274575588.68286765,246932958.72403657,302239981.2688349,90831967.46925724,85972810.46819086,78026675.27958883,94465886.39012986
2001-04-01,606611488.6681967,574155276.1673726,519216856.4190772,631694275.93896,289936348.1225936,276434231.1890529,247125984.67648208,304428998.83062357,90991723.3002295,86020272.59983468,77975811.08624934,93815658.93873948
2001-05-01,601225725.0960225,596725433.1924763,541376486.6514738,654618699.1759845,288828299.2142185,288132982.07608145,258158363.7723926,318837522.3037134,90183858.76440336,89411198.85212724,81290964.12558754,97911894.35945088
2001-06-01,639028753.7932951,596327717.3827384,543088130.1320901,651480381.694918,307681426.5183721,286616454.3972867,258168046.1198579,315780609.9666529,95854313.06899428,89358845.72378759,81264839.70945455,97385330.3301742
2001-07-01,587766984.8250101,602445863.0226659,549223325.2955228,659756609.6685412,282521989.496842,289142518.5068048,260065949.49189252,316797820.61659896,88165047.7237515,90189353.23411056,81726579.6802371,98343749.65157808
2001-08-01,577665770.7019787,594769267.8213204,537934289.8276609,650230255.931659,277666638.33889616,285446473.9259018,255949361.13457334,315005682.0074422,86649865.6052968,89193346.67015159,81436315.04890059,97724375.2366594
2001-09-01,612518427.0436722,544443628.9096609,485872712.10163355,595983898.2131275,295581011.1830808,264690358.30096385,233954590.92867067,293095943.42666316,91877764.05655085,81340446.82035045,72687893.19409025,89517696.84115401
2001-10-01,798357215.0956873,554177855.1537938,497200072.31463826,608046902.3217244,384179041.32465,266481259.18679896,237023537.40173733,296959185.38194364,119753582.26435308,82909318.62883854,74456230.53346826,91800084.66180533
2001-11-01,656540711.7748264,542555253.834318,485370774.3127838,596250520.1327983,315757352.1455044,262316043.24163875,236246802.759107,291250699.5870411,98481106.76622397,81382961.73829636,73628202.93689615,90411125.67159063
2001-12-01,581651018.4103234,571809335.6102798,518004233.9273595,629908274.8137082,279582227.5779455,275665435.9655581,247594197.90437114,304141604.07108206,87247652.7615485,85601300.2112693,77186807.96867667,94461870.6573471
2002-01-01,594278785.0751162,595341561.3015579,538387438.2257133,653232288.9903824,286135081.1776809,285557783.06645393,258043556.06951454,313780925.12827706,89141817.76126742,89061787.57534236,80532439.3552256,97220811.61472407
2002-02-01,630615443.3893218,590203326.6788758,536161856.9613086,647090506.7758688,304143162.1435935,284222613.10296935,256372720.77941477,313441690.197341,94592316.50839826,88143861.63254054,79607220.80839282,96717026.8850099
2002-03-01,607736453.5637307,620961623.4313663,565900993.4403961,674692874.0237576,293932061.1886353,296260154.5142979,265944833.7435135,327230737.0007102,91160468.0345596,93004959.36490785,85154512.4704388,101579886.81483431
2002-04-01,647282945.7200712,623780312.4896303,569586609.1431018,682055074.1849935,314461807.69159657,300743720.86891544,272671768.7056386,330677202.1937446,97092441.85801068,93322927.36165805,85240226.64955361,102136287.30803762
2002-05-01,581890964.0171596,646071376.6642202,592129928.2361696,700397900.3740295,283008525.4971563,313195566.9584624,284853844.416398,342582308.91554135,87283644.60257393,96712547.09734794,89104973.51653321,105147814.64129914
2002-06-01,612859926.1048541,630970956.011603,573102747.6772398,687166787.0844558,298236647.8667617,307181663.1379907,279125053.1019501,334867940.9912229,91928988.9157281,94345552.84513783,86022433.13470781,102850611.55785081
2002-07-01,651932274.2261713,616072811.1946007,560059127.9035063,673151469.0945746,317957035.47973907,301572298.66352135,272677268.0504194,333492714.52326715,97789841.13392568,92083413.23033375,84319638.80523613,100661381.2603004
2002-08-01,695706995.5090982,614135512.441185,558117841.7905034,666380321.2936438,340249134.4173437,300875262.8026454,273429709.5470042,328189180.8423573,104356049.32636473,91817072.65946336,83296260.21094733,100468120.11314216
2002-09-01,605820225.4066613,598706198.4088677,541327653.4039474,655226252.2966032,296780694.54186094,294980418.03110766,267579652.42894313,324380396.3347728,90873033.81099918,89483976.77670674,81200912.0055571,97632326.83430678
2002-10-01,578713756.4553187,572339154.6428014,519081126.35723174,627725935.5510192,284128927.37419665,282813669.8523063,254869597.89400268,309636057.2659637,86807063.4682978,85445778.72014359,77417427.5820261,94302281.2373787
2002-11-01,610593460.1861749,595236387.1169494,540243781.4205455,651122209.6556791,300277112.0213516,293836751.72655445,267468801.86963448,322110334.9008778,91589019.02792622,88878098.84698933,80655920.07906851,97187888.40292636
2002-12-01,633792815.1096845,592901226.7526048,536210189.47803503,650232814.9982997,312201253.8621904,293350095.1109404,265557277.14233413,322809235.60818875,95068922.26645268,88623073.68504868,80171920.20573355,96823484.12315421
2003-01-01,610085292.6722052,571609445.3627095,515954798.16636664,625046791.4493951,301845552.5527301,286247801.27301943,258059828.00424814,313885896.9916991,91512793.90083078,85292542.70898105,76811276.04208629,94124965.72486383
2003-02-01,562982684.1664107,564328826.6502311,513641206.8052399,621076646.6520681,280066501.70277464,282726171.1327492,254573769.9838836,309561513.4841087,84447402.6249616,84122136.331357,75818748.57453631,92663351.67082898
2003-03-01,582878068.6903094,556927652.9258087,502825576.9184147,609847382.5925001,290437638.3037009,278214893.41561246,249435784.80303845,306965985.7821087,87431710.30354641,82942683.02680907,74221195.49855472,91320696.25943314
2003-04-01,611509203.4357823,597523125.8621842,543005928.3774899,651691358.9492215,303544186.4145007,296848575.7526929,268095448.95357233,326523657.654098,91726380.51536734,89226002.80633049,80635731.3153332,98004809.66299182
2003-05-01,607738338.3871753,623140559.3003994,569568884.1144252,681488776.0036079,301178379.3965585,309730216.81263316,282467216.7704194,338938636.88386244,91160750.7580763,93207724.21419053,85347926.45352024,102019397.24391913
2003-06-01,620758313.3838348,609597316.0562583,555019716.960962,665259547.7975477,307967112.6076658,302636433.3733976,276161041.52532804,332500473.94195694,93113747.00757524,91189264.08757615,81932000.4853994,99605475.29276934
2003-07-01,620980096.3902413,627721284.8259941,576875688.6703209,681922532.6385522,309086679.6732196,311242269.5450896,281519192.309219,340819949.8965183,93147014.4585362,94046458.23257416,85601355.37366235,102572421.24292597
2003-08-01,660055994.7531787,624348848.6329813,565337844.9406333,677004706.5994624,329967071.7809571,310434337.33318734,283665471.25246733,339804771.21422136,99008399.2129768,93412072.76230216,84952344.54916783,101638024.15424566
2003-09-01,609978078.0310479,612258737.1828424,551360355.300562,669205721.1098392,305924386.9690833,307110552.8733113,279999347.57166964,336670019.75266695,91496711.70465718,91655235.69564049,83745556.33268484,100155730.81580314
2003-10-01,590951837.3242464,631538098.5179777,574774611.6100558,686837714.0732584,296061851.5728508,315221968.96617484,287400434.1006389,344204331.5117314,88642775.59863696,94419075.12658407,85776423.89682521,102931704.74590471
2003-11-01,632753856.6289803,656695794.5708337,598990100.8851261,712907184.2977717,317175754.57573235,326124694.4574463,299504279.9754098,354951297.64277947,94913078.49434704,98090144.01997197,89603301.56685199,105708497.67872302
2003-12-01,644490756.9796231,633768394.6737329,579446680.2171863,689559968.4134343,323932154.6072718,317932104.4041418,287765508.66420054,343516126.73716354,96673613.54694346,94881541.28195438,86777626.56089962,102968403.43076651
2004-01-01,611246726.654781,676261311.8702458,621835111.1593603,731378634.1524843,308548083.91407937,337503356.8930077,307429240.74129146,366501272.02728355,91687008.99821717,101492510.48454618,93154286.64540404,109937494.81800255
2004-02-01,597490870.7579997,638329248.0939076,584132963.4534894,693377476.9422607,302251903.3462274,320087386.19003105,292031786.7483122,348168199.18549526,89623630.61369994,95647247.07307929,87308432.04902562,104070995.32738823
2004-03-01,631211843.2548609,639924218.6550068,583055759.750446,700236110.3838906,319994400.52339524,320388227.7769689,292253737.44693804,350546060.30561686,94681776.48822913,96019107.60419495,88070360.40946108,104270078.60689047
2004-04-01,609723983.5487635,650107739.1760598,594995165.4937737,706158776.6070411,309596696.09966683,326272695.1068094,299373935.18131465,356251134.62489134,91458597.53231452,97428001.6076802,89395309.35085532,105755450.3295497
2004-05-01,652338566.2019807,639298907.8477618,582395272.9007565,695257534.1147602,332648926.5377805,325939362.86014086,298495313.1011592,355623335.5766962,97850784.9302971,95672447.34543473,86391710.25921072,103728413.67479293
2004-06-01,595287831.8407463,654943342.1370515,599638572.7072271,712101734.0333073,304685941.3587934,331378780.885915,302891361.02798307,359085096.8114089,89293174.77611195,98126605.23041011,89111487.47196549,106413858.96477187
2004-07-01,642379613.5768784,681305861.1870403,626191842.8374022,735010579.275932,329137018.7976788,345572177.86181575,318727862.8410556,373348777.6314309,96356942.03653176,101856555.11041512,93708133.08792719,110852132.27296576
2004-08-01,635494271.9386163,666718511.1576462,612514046.7561638,722481623.8503673,325781354.71590364,338535215.5796623,308541820.74423057,367145951.07153666,95324140.79079244,99964726.2278693,91580223.89247006,108410882.34987444
2004-09-01,639073095.4127634,657539188.5455829,602057412.4971797,711583771.4575616,328654963.0407982,334831964.2831873,306529736.8316091,363205343.097062,95860964.3119145,98342177.08151455,89766751.70493363,106501824.79139353
2004-10-01,632917236.3968867,647901940.7136399,595117440.7252833,710263681.5241654,327204106.7966918,329786404.57546294,300446118.1713896,356334305.4606343,94937585.459533,97084866.27432337,88637959.90271808,105205255.89574103
2004-11-01,635511306.1687886,631395617.6072308,576906254.4901488,688910291.3009777,330094924.49002504,325803618.2376853,297672328.54149187,355678147.68542814,95326695.92531829,94961941.87565635,86630472.23671228,103033946.52378458
2004-12-01,671079753.6981062,665176566.1957486,609134899.2529957,717421282.7638905,348569755.5236356,342922019.46932834,317014286.7335221,371210736.2832105,100661963.05471592,99679870.04089586,90806618.18447173,107217117.03410825
2005-01-01,608243547.9597491,654563722.1854591,601793654.8388097,704709468.5493026,315766801.4822185,337008456.5020956,308928165.53531986,367030831.34254944,91236532.19396237,97921393.74061726,89180269.32270311,106311919.43047194
2005-02-01,611739989.9656298,662789417.5654082,610420564.6994225,715705870.4748023,318907983.76702857,344201663.108089,315093977.5275359,371644887.84517086,91760998.49484448,98940604.79742214,90601287.67270808,107191722.10978067
2005-03-01,619172828.8623915,636811393.1459527,582202758.3105918,694525977.7967912,323957184.76509213,330333892.9968293,301968689.1620701,358398401.43406993,92875924.32935873,95486773.97835764,87360419.60367177,104051035.38313493
2005-04-01,630208727.4866924,625296043.2214684,571992437.1498234,682763545.5265033,330755813.63219136,327357231.02798784,299162219.7248659,356030080.59847444,94531309.12300386,93635269.1828351,85711670.5508063,102070472.50321594
2005-05-01,643509586.2454351,616944632.8571866,560236384.5210803,668675275.6999056,337562213.75301135,326370612.4116792,300172139.80772865,355029007.3233644,96526437.93681526,92383382.05853635,83924598.053565,100797273.66017012
2005-06-01,690284120.7652693,662239825.9021153,606022824.0456383,716742185.8853316,362285503.267518,346170076.8683365,320235520.26341385,375490729.3692371,103542618.1147904,99317163.5515619,91375520.68938087,107797506.98416299
2005-07-01,767418087.1984241,668246797.0867094,614924086.8960773,722204205.3450845,405263342.8524606,349585461.87824035,321967967.1121493,377801203.26184964,115112713.0797636,100186686.22917862,91657267.5528019,108430226.17381856
2005-08-01,646076944.0748379,631830350.2588472,572809356.8689437,685672417.896811,343285365.2496041,334243459.7053538,304690858.61237055,363885731.2924793,96911541.61122568,94746210.01184344,86140608.51374377,103102941.98477459
2005-09-01,619962643.3200545,548066750.654912,490435890.54104364,599368048.1180362,333945314.08911026,295336872.846553,268196368.51191482,323291191.53157526,92994396.49800818,81970726.14989886,73373035.58753607,90250289.1710805
2005-10-01,550462704.4019703,546565746.7097358,490465560.7989377,603411512.280322,296956346.9137824,294986102.171811,266115402.00031602,321823671.5025478,82569405.66029553,81771224.23642592,73410981.6659324,89693335.00992402
2005-11-01,605199610.8888873,574060071.1912452,523206579.75424445,630844240.925804,324845285.45633906,309813725.7676555,280147392.33114743,338334738.60180986,90779941.63333309,86158673.15855443,77894141.25951861,94348801.20513827
2005-12-01,643702246.7855471,621840859.5492703,566697309.0999267,677537315.5756994,345511854.8387974,332772331.21135443,302657777.22027576,363470817.9464488,96555337.01783209,93313287.87179424,84834465.91179158,101193797.74370688
2006-01-01,657002247.3170533,613366488.1439883,556960955.0253234,672064544.0458404,354786924.9379298,328775230.52733773,299478483.71217257,355695192.89725006,98550337.097558,91970863.15845391,83450504.36145636,100797789.67080845
2006-02-01,640172007.9219861,595690348.7708657,537167263.6526605,654046990.5080646,345871905.6794321,321727004.8768353,293164926.6601194,349799341.0667996,96025801.18829793,89165982.32784484,80499176.1500091,97604149.82975695
2006-03-01,584398291.8513197,602332100.3953894,543119558.5437164,656369283.1419665,316213534.96857536,323300427.9121952,294942713.4058837,352816632.74168247,87659743.77769795,90399278.00988331,82264521.29833972,99232260.8214143
2006-04-01,633020702.5362171,605365629.2168937,555357842.5914091,659774376.1681734,344237943.4724351,327514239.6950082,298612462.6842175,355861631.0521568,94953105.38043256,90817560.67132995,82650062.35459243,99010653.13264987
2006-05-01,609370051.7546239,563843607.765682,506400275.8394673,616902607.5125269,332367334.2468152,311807233.9020901,283371760.20597076,337631801.8140805,91405507.76319358,84457260.72913218,76150600.96567568,92424773.42199236
2006-06-01,610854059.643874,590408305.6788621,535062061.1421144,647352719.3237212,334004316.0515613,323083146.2823483,294186473.61998874,350257628.3423607,91628108.94658113,88566973.70129545,79968503.45008014,96670410.42647249
2006-07-01,643416028.1374159,591381757.8020135,535447385.7976974,644414096.5134354,353726319.1946158,324082319.5104353,294925909.7078186,350558795.94870186,96512404.22061238,88780271.69343391,80677673.58207409,97669737.82623729
2006-08-01,574667255.707958,586607059.1408367,527209658.90048134,641500822.0560535,317332157.2336901,323189942.7645088,295196911.50519586,351306020.802887,86200088.35619369,88016287.46463412,80249042.26872373,96525475.99681078
2006-09-01,614508153.710339,590345271.969363,534638876.2550326,643098821.6784803,337667337.0944864,324586275.77488625,294534299.505416,352917017.505503,92176223.05655085,88661039.5285942,80003502.18262394,96732288.45835869
2006-10-01,617636371.315373,626841303.2386255,571752626.9863797,684413471.7060201,337880115.68239725,339454464.9661887,311365336.49233437,368368766.13797426,92645455.69730592,94306161.9414657,86239384.93748759,102681003.64782979
2006-11-01,623595904.8585047,610558127.1864378,557344409.7834861,669238777.9936805,341309264.12611073,332515571.0003184,303287867.1143869,362596301.5387911,93539385.7287757,91857820.86951885,83934713.69192748,100117434.30496812
2006-12-01,615608242.1329699,613328437.8070246,555009842.4783785,669236218.0321549,338772229.03347695,337099004.4950717,310545974.5050211,363802747.35572666,92341236.31994548,92228535.41355595,84160329.04313725,100359764.32082759
2007-01-01,604449079.0167791,621436504.7730575,568421216.5227835,677362732.8147676,333183215.76856714,340392426.9212719,311640405.6269499,368358293.7635812,90667361.85251686,93555928.70685668,85016688.01780109,101988154.12555563
2007-02-01,618045545.6909531,611195217.9215924,556705574.8461959,665601838.5715753,341999101.07032424,336874972.91929203,307230816.0316964,365991602.61221737,92706831.85364296,91845346.83904338,83641895.74108918,100014604.72052711
2007-03-01,608672739.1921675,607258521.7594622,552000112.0594664,659052922.047774,338564070.4656696,334832166.9894399,305585235.6458347,363718001.0449707,91300910.87882511,91158094.8079333,82823318.86083974,99932729.48381585
2007-04-01,608138076.8798532,616378384.7883312,559156777.2738853,672153887.5783334,339281697.57873386,343086024.1604736,313632682.0144216,371591121.3924482,91220711.53197798,92488473.36572537,84539511.73192386,100957686.57089198
2007-05-01,599419375.7142049,619523568.701446,562813268.6560086,671655723.5555985,335799658.7836038,347150393.0689825,319330951.74320775,373793354.0703455,89912906.35713074,93011365.87270626,84668859.88384199,100636816.75275362
2007-06-01,594350775.5570242,603679835.8807011,546087336.759104,657562460.7518927,333731573.4183372,338762459.47679484,311235847.5003289,367894475.5040576,89152616.33355363,90631851.9450791,82823960.30438171,99326934.810101
2007-07-01,576993612.7053437,624969350.1083863,568757826.4097561,678007864.2154146,324562308.0617334,348164727.01784897,321338439.2499898,377472026.0236223,86549041.90580155,94098966.83420093,85559528.50268856,102406916.86633362
2007-08-01,607122276.1053855,606592484.2736437,552529263.3702848,664277400.8123746,341615139.7099381,341168093.2722124,312499605.87949705,369110847.36744195,91068341.41580784,91087158.79781543,83013498.26202667,99540625.51282117
2007-09-01,592706822.7229635,599298667.1767774,543235271.4220605,658801768.8147514,334917102.85820067,339097306.4594331,310930910.9984938,366489516.85148907,88906023.40844451,90080829.46547292,81733655.00882855,97769720.41479738
2007-10-01,594426530.3163263,595608225.0214739,540903423.5639794,650611355.620673,336924472.37304634,337171448.63027287,310262421.5947347,365245131.5961028,89163979.54744893,89359185.32975385,81047108.19013683,97742748.87231584
2007-11-01,590011480.2087114,583863306.7659303,528943550.9824577,639284814.3613604,337050179.6269151,332671251.4290223,306730974.3769854,360840059.55530345,88501722.0313067,87343464.52038974,79487731.29100199,96022004.93108164
2007-12-01,565832047.8517979,569455384.3482556,510958578.79879785,620335992.5800802,324174174.79376656,327746288.69903743,297404389.31444335,354979208.14794356,84874807.17776969,85355269.02132063,77067416.77795729,94102347.57721695
2008-01-01,574457790.867142,572587602.5658056,516042025.31057525,627433015.8771513,330250694.9881955,330423480.4538241,302116533.98007244,360849429.13759935,86168668.6300713,85906526.72388092,77335064.77086529,94332018.64259814
2008-02-01,566235056.6028545,550256065.8693466,489807557.2776282,605087375.772665,326310577.41383904,317997223.56864625,289870620.5343395,346260508.1290371,84935258.49042816,82393630.89224404,73820130.93631648,90812805.26353498
2008-03-01,549641520.0470324,546508942.0928353,492133054.35312337,599622354.2355282,317881368.72003216,316393643.44722986,287481666.33947176,345015435.81630456,82446228.00705485,81869520.09042425,73946672.20960428,90606420.04329622
2008-04-01,528585042.7978799,526483093.82960886,468699619.28570896,579102223.5643634,306411015.2276847,307298009.1273373,278610208.56020164,335710395.967781,79287756.41968198,78691625.37216963,70117005.87949784,87108748.92877245
2008-05-01,519293975.63851535,511850760.0328497,456339411.5685904,560124616.3540494,302806468.5350513,302721056.555828,273466728.6699395,329467737.1993479,77894096.3457773,76432412.17208393,68412406.70475955,84959141.63795184
2008-06-01,518387880.5708184,496233155.0581602,443493064.3243442,549280957.368033,305445454.8822463,295725142.39806235,266589912.1152489,324995465.54471916,77758182.08562276,73998219.52235761,65811145.34591099,82624290.88387018
2008-07-01,469691198.3878132,526276010.8309501,469832186.82768595,581805870.3212016,278728718.0712085,310995116.0743318,281888808.077701,341388536.5702613,70453679.75817198,78451263.73164326,69874225.95739894,87168614.24594092
2008-08-01,505166608.4342322,507792753.3095385,451509767.02914315,563207742.5729033,299334664.2874558,299006261.99812746,269797061.80084974,328066172.0322232,75774991.26513483,76036760.53388926,67139900.70046057,83974678.48304868
2008-09-01,469776229.4924413,490618337.9387721,434704408.9629866,545379964.6850181,278602248.947072,283971252.69502336,255931201.92864144,312331424.35655665,70466434.4238662,73590932.00813901,65044152.84790665,81845831.67559533
2008-10-01,400765645.9920674,454314265.3759542,397810171.49961174,510232578.74652284,235631672.44429323,266370012.4371355,238058630.75116292,293674689.5975721,60114846.89881011,68015786.78800477,59370015.519908234,76412751.45732917
2008-11-01,397192290.4062174,416403613.1106219,364545998.7723802,474140557.9355787,229395932.01797363,248350047.30314374,217570988.23103082,276086308.80866164,59578843.56093261,62564378.32083692,53719222.15713817,71267458.13446012
2008-12-01,378871797.1400826,414312382.15693265,355039913.21451426,475031999.5695937,217013426.7287559,243919626.61071005,216249045.69047868,272403856.2714845,56830769.57101239,62110553.94864412,54514735.834145606,70932262.75315979
2009-01-01,357677997.4218885,389196992.93362045,333018797.7343344,442720206.7998227,205392349.84811303,226879562.09401718,199465661.8134298,255904664.88491267,53651699.61328327,58338311.63139086,50041778.97405969,66699472.477394864
2009-02-01,334873513.83564204,370798646.2452056,316474916.89725435,422722299.22298074,192997618.73481053,219698830.47097507,191175873.37847358,248472693.1134192,50231027.07534631,55365599.287840515,46935020.024355955,63750905.76650525
2009-03-01,340860577.762884,346503975.9181487,291890253.42876637,402769116.0907477,196254192.80569527,203628087.8709881,175078871.0157315,232438756.45600647,51129086.66443259,52164987.78716735,44338397.00460876,60484412.63322202
2009-04-01,340864583.5968592,379593340.70275885,321139251.3823993,436302900.67733973,196454145.6979758,219312568.96663344,192848715.55378148,248335575.44317266,51129687.53952888,57299551.98783284,49087033.41798203,65874464.24918596
2009-05-01,370472211.5401527,382382700.2131267,329697855.41699135,436602113.9274953,213832418.613668,221656634.8764186,193731925.57120404,250333870.90465003,55570831.7310229,57824983.49777669,50057592.932716824,66683562.59010655
2009-06-01,387225612.29374886,386959004.7027525,332739327.1155674,444179301.96426046,225357276.60356244,223171997.61363643,197132032.07725614,251418127.72075942,58083841.84406233,58559853.110616915,50153322.24384476,67498168.13027692
2009-07-01,418952552.7901746,388669169.61196625,331276125.5361032,445309360.6295696,243749047.6197776,226618867.2599484,197507751.87803414,255720066.66392437,62842882.91852619,58611833.20738384,50290405.443371035,67174112.39942956
2009-08-01,539730326.4894965,395863491.6731361,341493359.3295526,448114070.33259666,315069738.86485827,231456088.78475043,204370738.18028194,260564875.0048606,80959548.97342446,59773557.35229076,51703784.39566194,68200016.95526628
2009-09-01,346477304.1010508,432085367.5393408,373043373.169288,485504289.10831475,202648049.81963533,250021495.48995352,221344997.77750093,279125454.0549369,51971595.61515762,65242887.75019549,56810736.5160176,73450112.63030814
2009-10-01,375582735.6774967,423039874.3349916,374557050.6299226,476280755.33547217,220330706.76063147,244814311.4419594,217434061.9933479,271907899.6963223,56337410.3516245,63919366.67861434,55394069.923174776,72829546.15389007
2009-11-01,410656595.2779016,402312051.8681216,347343258.39687645,457800230.36014324,241713025.0936849,237186201.28233975,209330728.4648262,265480315.90953985,61598489.29168524,60847641.618657395,52784682.83757145,68818640.77739264
2009-12-01,416486916.3181532,425826004.86987233,374745840.93838185,484136175.72838223,245272278.4294345,250201594.53844303,222209036.94623664,279587606.38706326,62473037.44772298,64305850.181782916,55810998.54639208,72400957.79149637
2010-01-01,402365038.1501256,437469443.5821949,381342537.84003246,495038635.39792204,237109518.99031675,256621201.92600435,226533306.24687764,284454675.39846504,60354755.72251883,65985195.0401173,57408431.1517625,74339907.13298842
2010-02-01,368259009.4340143,442426512.9094605,392800804.7565595,502904251.0472948,216804645.92065647,260187093.8087921,231478394.2038889,287230109.82071644,55238851.41510214,66627940.9080582,57738612.32051165,74871507.96661292
2010-03-01,440070927.7892447,445046109.96443313,389522713.2339,495416175.5296833,259168234.5212533,260875520.8032448,233111903.75491998,288416423.849518,66010639.1683867,67163510.24817136,58795314.65965378,75395013.67612743
2010-04-01,404820599.3911024,450516771.3550505,393118860.26766455,503635285.1702996,238463321.4673424,266128388.81811875,237752620.61908388,292557240.2387246,60723089.90866535,67936775.06959347,59644951.452186756,76126724.84937243
2010-05-01,442577185.335513,467372678.3526888,411439656.87366307,522811364.06971717,260568681.18135443,278544901.9055905,250972075.0543178,308496605.49649084,66386577.80032694,70450353.27031952,62458454.84221237,79086311.47898723
2010-06-01,440209985.6878572,477064880.0738209,418066079.2038629,530312947.3026591,259066443.86789936,282576663.19972533,254034416.75026932,309689567.70938426,66031497.85317857,71958113.32175897,63281464.3224491,80000781.05421354
2010-07-01,425854127.5763342,455262596.17640144,397789729.4913478,509158975.100769,251086396.31221247,273405447.38874906,243407383.2308599,302867346.9232551,63878119.13645013,68535788.12671188,60598594.814904325,77189488.07196824
2010-08-01,431913185.3724242,465117159.56643873,411109172.24767333,522020811.38449866,255031005.81845385,279091563.24190944,250440820.25784332,307163167.15113497,64786977.805863634,70040290.14397497,61794104.06085842,78887784.71898545
2010-09-01,434379697.2810665,459381084.6071022,402853241.6197248,517362016.99379987,256901693.82143736,277303667.1334882,248452945.51843572,305543306.40944356,65156954.59215997,69139397.69225988,60526821.98973934,77947644.96834488
2010-10-01,446860679.8874124,458533799.4877676,401751061.61142546,510396558.2155514,265203414.62504196,275970777.14971775,247207444.5615921,303514215.7715758,67029101.98311185,69002687.37592053,61169122.00685111,77251499.07861982
2010-11-01,433389757.3503807,467640191.93969584,413330976.33549887,519678627.31314725,257860401.33694324,281060777.63063705,251974405.45588645,307347932.2033672,65008463.60255709,70444994.49844989,62273970.478190914,79075948.84033555
2010-12-01,458979907.3693006,482318543.1283464,424426987.4257677,539897936.5306417,274183027.93983626,291221310.5820746,263264750.85560122,321505085.06351876,68846986.1053951,72671442.71036653,63539750.93540113,80312408.42459382
2011-01-01,455766831.2952705,471576380.82357806,417074235.94527525,523207817.81519514,273146579.6801949,286180589.07531744,258906276.92708904,313808855.75576186,68365024.69429058,71028189.73883714,62579085.88324979,79509245.47031581
2011-02-01,480165396.7500576,484108010.06733197,425988246.86820513,536687021.3205241,288693961.2774292,291198170.30178225,260527737.73627743,321386415.2965734,72024809.51250863,72961176.4723369,64467402.516563416,80824140.42182645
2011-03-01,473266883.9905515,463812210.7223613,406799685.41491824,518659417.35851556,286018423.31026345,282499069.35081613,253457084.52142096,311559797.40702504,70990032.59858271,69631173.2393879,60842947.650926754,78781517.86857681
2011-04-01,499589869.1933808,477267904.75919884,420990085.50739926,530559192.0595606,303343969.9619338,291661642.19349945,264463049.09357232,320573489.9822149,74938480.37900712,71713640.02905387,63730921.784592375,79755518.00736618
2011-05-01,439538545.60913855,494260433.4155801,441931675.4948158,548732582.8127277,267730788.7937776,302598643.0901496,272745560.66104794,332460658.035245,65930781.84137078,74360519.36159378,65858844.07738876,82921464.2704939
2011-06-01,429422690.279077,484555345.7881983,430532744.89475834,540958315.5496931,261569040.40129533,296993679.0549385,270226097.33094424,323964019.2347594,64413403.54186155,72867327.68119253,64637612.37037631,81349520.34066717
2011-07-01,470058667.8463345,462886905.04426247,407650457.0491623,519366999.76004606,287071313.00256467,287384912.1826962,259523319.05382574,313806619.4177008,70508800.17695017,69563850.93584359,61269214.35530941,78312288.11288527
2011-08-01,447032553.7862776,446300752.70374936,390379236.45515347,505912161.43345237,273870143.89243245,281342228.4242462,252693268.40214092,306776455.6230505,67054883.06794164,66795301.03528528,58792959.63746215,75107618.82207283
2011-09-01,487869112.5714731,451001537.8925061,397076867.2086328,505140827.9403042,299537314.4115138,284271044.16371673,255511155.971608,311559794.69402057,73180366.88572097,67647605.60382281,59283089.1071452,76112455.16126977
2011-10-01,512311452.26500446,471039855.129341,418838527.3985722,526282052.2581544,314756576.1200912,295301051.0913589,266791263.01123202,324353415.71727395,76846717.83975066,70537088.33883025,62151200.81627511,78709252.90186624
2011-11-01,483665881.62918943,480734088.68969065,427907378.98721564,534784752.0896048,297706263.2378239,299498081.49182016,270004883.2730639,328245367.2061147,72549882.24437842,71934055.05336466,63770975.003176354,80375285.28629889
2011-12-01,503584782.1527969,496465429.75054955,439585057.1046849,550068132.1946131,310040436.4921853,309374501.49901474,283364783.6906606,338354423.74768436,75537717.32291953,74563452.36458053,65613585.19010444,83214635.17877088
2012-01-01,526161222.40605015,512577542.4271102,459842158.66789556,570157238.2446499,324822477.5222379,319604878.12525415,292844200.9824869,347798546.61502934,78924183.36090752,77075568.77050807,68781468.42184271,85394368.09690966
2012-02-01,553045438.3420897,518279294.6084337,459825954.5460807,574029033.9947999,342149052.45335686,320896394.6331812,292335098.64501905,349089731.04587513,82956815.75131345,77948146.06947601,68925158.01123959,85695871.43627512
2012-03-01,517548309.6457547,517037367.94154674,462323824.7481508,573003380.3088602,320858577.57874155,319840204.77532035,290932339.0238175,348284930.0290422,77632246.4468632,77853395.16894135,69016987.23235972,86619404.95177808
2012-04-01,522857429.56593984,536919853.5264996,479553453.1709649,588893134.0010048,324688357.2308185,331858526.8754527,302353847.8227936,361171314.747121,78428614.43489097,80767157.78028753,73393932.97752753,89178666.86138362
2012-05-01,532615633.2907589,549817398.2671121,491910442.90212667,605698531.6320995,330064041.1524573,341206037.1649386,316933005.52021766,370645450.0910538,79892344.99361382,82727089.82574159,74866437.73310713,90417807.74911591
2012-06-01,529183297.6122497,527671743.10092676,470893380.9212458,584583897.7337817,327666013.918752,330242426.691112,303397149.1272328,358940480.7557368,79377494.64183745,79233534.37616809,70021161.2293879,87676851.92549786
2012-07-01,525514748.3095209,540216007.6053215,483910517.89738196,598029591.9003354,325488455.04471177,338621648.9654764,310549236.8260194,367833034.27600455,78827212.24642813,80920024.91009319,72309991.35905886,89134060.44026667
2012-08-01,528861575.78744256,539173840.3829142,486384595.598815,592689067.7892641,329464359.04683113,337109653.9588426,309728699.93012613,364662705.58290195,79329236.36811638,81027214.30925456,71976538.78502527,89566520.58298002
2012-09-01,541572660.7075005,555484703.1319392,500878488.02876717,615665894.2619481,338992714.7078796,345479226.6258672,317617526.66807485,371975247.75143605,81235899.10612507,83360031.15371282,74761395.6459974,91318450.25024268
2012-10-01,541763212.4157426,571407411.673968,515650304.9607619,626730323.3039516,340026504.2725106,351886412.64957535,324449050.91050726,381352010.756961,81264481.86236139,86021023.25497083,78269508.77383314,94638076.96898077
2012-11-01,565315605.4814639,558408423.9509281,503044422.42571855,614168466.6426411,354212831.9194934,348376704.821587,320643321.85698366,376148495.7131515,84797340.82221958,84286419.95894757,75679454.02185783,93192906.37939289
2012-12-01,554206789.7600391,531245149.3800771,478046631.7295812,586569418.0370333,347210275.7843214,336633560.38104707,306832610.52631795,364738660.2492628,83131018.46400586,79671895.11817633,71232170.18334916,88605036.55003542
2013-01-01,596459329.064459,532527072.49144953,480332687.75733465,590600044.4388559,374421654.5884805,335808399.7491841,308630983.6252273,366668176.20270544,89468899.35966884,79751673.39771217,71539385.34416604,87891429.0736249
2013-02-01,582213870.8935782,560970499.9476947,505794031.8725316,615937540.5217886,367463729.4074079,353488524.3557467,327595986.984279,382625342.0120385,87332080.63403672,83936380.60960619,75716488.80152163,92859023.81179611
2013-03-01,558037101.4794202,557121437.6908498,499556602.9898462,612355226.2821198,351214213.64793247,349739768.7356835,321030847.10111,378467065.607219,83705565.22191302,83699644.3277144,76051929.80073744,92222105.53008358
2013-04-01,582479540.2655089,557450119.0127319,506859786.4040212,616530691.8436024,365832208.2976832,351217891.2842705,323158984.4384709,379559123.76489264,87371931.03982633,83674510.17836042,74899438.74843654,92321547.96709712
2013-05-01,566325344.4657259,589001030.2901639,532690674.05483633,649834315.6302667,355833710.5573876,369919165.9673937,339322541.6642857,397722563.28806764,84948801.66985889,88546758.16164507,80662128.2906124,96415359.33754878
2013-06-01,596464519.4138429,590420556.6531321,533899083.8625929,646253529.5232062,375662873.421125,370759161.95579594,342490250.27007264,400096578.8020535,89469677.91207643,88718410.96138437,79703144.54665153,97403203.22915302
2013-07-01,596065424.9911635,601108737.4760767,544103774.68847,658556372.9404976,376146367.52285045,376980398.5206384,348781191.13191676,407882916.64291084,89409813.74867453,90281015.63267042,82178726.22784069,98765671.47354253
2013-08-01,566065645.6577934,594852993.6896908,533444362.6833749,645877680.1734759,358067819.10119915,374804645.0796915,347326371.9790605,402462184.93669236,84909846.848669,89367615.35214561,80707802.83830406,97830041.2269287
2013-09-01,587712481.2899417,580760900.990619,524291583.9740106,631913193.185647,371900772.7091347,368840155.83143485,338975758.71164405,398800442.9428131,88156872.19349125,87032743.62173964,79143580.87878135,95588377.643565
2013-10-01,576596814.9365419,563489486.9164009,506521031.2830574,622856873.3213981,365062136.8113034,358496178.88229686,329935008.1225132,387951086.7195711,86489522.24048129,84450334.81113905,75745209.51373284,93461085.74120446
2013-11-01,594288051.0601587,562054316.0933772,505478957.143095,617542639.1357973,376957045.1355694,359772198.59583795,332637368.63010746,386964933.8763388,89143207.6590238,84370124.05348356,76301189.21029156,92613207.49690466
2013-12-01,597646369.7348574,593068974.086678,538551612.1865135,651696832.4914942,380089598.1852754,377454333.56754804,347828681.0083366,405714621.31503266,89646955.4602286,88990124.35702054,80017548.43206723,96622028.16872396
2014-01-01,564980183.0330206,579808345.847296,524168342.9582274,632194544.3104136,360185682.6162277,369611476.4842153,341244689.3630804,397622167.95636404,84747027.45495309,86905274.60083005,78556950.4434592,95109818.52966546
2014-02-01,572781420.0778383,595338975.4957854,544271150.4431897,651396056.4909765,365561079.9314388,379724510.88884073,350526121.5799281,408595287.1281604,85917213.01167575,89127675.10644662,79953990.11612862,97313450.36386165
2014-03-01,606632224.5549561,597286169.0564471,541299551.0913012,650974646.70726,387955984.3137305,380955004.2114888,353907031.4762441,409638044.1198109,90994833.6832434,89497830.5022033,81116502.32281941,97974154.90024921
2014-04-01,597169531.8672003,622409240.5906259,568396275.4083525,675834902.3807943,382616304.0186288,396362550.1141684,368284701.1302626,424231994.5587861,89575429.78008004,93325253.9122483,85531942.1569052,101787485.83429068
2014-05-01,622186071.1872915,617494253.565887,559725555.2474064,670337970.124265,399403434.0988959,397205717.88761777,368324083.82069784,425875497.4452178,93327910.67809372,92520875.57591476,83723438.08565016,100811260.00517298
2014-06-01,641274222.9367671,622643882.8327962,566394230.1840217,679014112.4230915,412200652.6870048,399653488.1751426,371195072.4678475,428693264.6999472,96191133.44051506,93293891.21329887,84983613.16405061,101491413.1766253
2014-07-01,631714310.3518924,628808011.8977637,571592620.1388987,685289797.0499246,406512705.89450353,403944302.0224442,375479864.02207494,433279047.8504825,94757146.55278385,94221574.50320032,85782674.05545211,102712343.55333681
2014-08-01,637226472.2168808,631774809.0377684,576555821.8544023,684235366.0335765,409994211.608084,405508143.8383244,376421964.2439298,435457433.56105924,95583970.83253212,94693683.09295055,86245376.91776706,102411541.00170504
2014-09-01,616834789.5097182,637234876.8834921,581872944.4231299,694068874.4403232,396902529.18895537,409322538.36871004,379661350.2458486,438111139.30551535,92525218.42645772,95521589.26198553,87086606.38718016,103740434.48625217
2014-10-01,627005367.130815,649804539.951009,593886932.1293863,705850404.2459924,403366942.6620708,415112465.0041405,382939106.85378015,442170972.2804245,94050805.06962223,97435159.26552571,88900681.04682179,104791078.0754569
2014-11-01,613048586.8626678,656965428.8438065,603713799.4135709,716741406.667205,393645726.6057649,420264384.1282944,392037834.96227723,448787895.2322083,91957288.02940015,98513395.20642377,90710149.65222687,106625338.50340283
2014-12-01,658620267.0320791,667722625.4907308,613878769.9700869,719736767.6467866,421603334.3003994,427016500.15095234,398000292.61637825,451997466.5438719,98793040.05481188,100215015.18793601,91978306.42841977,109020120.40458582
2015-01-01,622587025.4514567,667531667.5209249,613246492.4315007,720263998.53757,395998525.7944794,425438234.6738415,397153045.86069566,454151004.2096631,93388053.81771848,100272002.98538423,91468301.63352546,108515595.96490525
2015-02-01,603672415.8639915,654238365.9102751,602568349.2967497,708335569.4554154,384941047.7629147,416969794.6840333,387557379.8997904,446227265.9287994,90550862.37959872,98217675.7326621,90149771.97876914,107202086.00817002
2015-03-01,636808662.1627601,648298621.5662353,592387080.6938286,702720531.5984256,407164822.83781815,412726089.37374437,382588037.0920797,438516538.1761739,95521299.324414,97251084.60339701,88802611.3058766,105710088.59883533
2015-04-01,649572740.4284369,660056501.098371,605259474.2948984,717076377.9148383,415758929.8495332,420918697.9859869,390297913.58446115,447407278.47071475,97435911.06426552,99094321.85453954,90325912.95887655,107455049.32131284
2015-05-01,649032501.2489873,634527423.9302688,583253282.3316631,689157475.8465129,416783076.6277129,409553709.68583167,383320208.38687587,435059831.26791376,97354875.1873481,95187641.56493148,86853356.3054188,103915129.15954018
2015-06-01,659780737.0375997,649876629.949795,591909706.9130691,703118246.1198906,424857896.7751425,415757233.32885206,387275164.6194049,442791601.9873422,98967110.55563997,97634523.3015774,89595258.37718162,106441936.35799891
2015-07-01,672395681.3828017,648118565.2032822,589249359.2072122,703281390.1773512,433667985.51516575,416170723.986553,388593102.6155781,443399924.6327344,100859352.20742024,97410439.06001842,89408651.55097578,106081373.84390527
2015-08-01,667771686.1489527,647957587.3153363,594021913.8837975,705422606.0494086,430683886.49489087,416694882.80136573,387879375.5183659,443010786.9889825,100165752.92234293,97273352.65729782,89538150.75170366,105850215.27446322
2015-09-01,653487820.9743991,617965372.565998,565425484.4555448,669879898.2179092,420524116.7093819,401117182.9316353,371828020.322156,428707146.9142748,98023173.14615986,92765953.9667509,84377749.6624329,101354596.79871196
2015-10-01,644218233.8795847,631656934.065271,578553087.5186934,686610682.8995458,414969269.4351664,407555786.5577869,379808078.0628412,433622800.4906752,96632735.0819377,94765848.70149548,86201715.7698889,102613430.9026609
2015-11-01,659998745.9968936,627569614.2729374,574049562.0576577,684985109.519355,425642063.37789696,403598684.2034532,374528444.1749567,430692069.9965606,98999811.89953405,94086578.70235777,85258165.18817887,102049157.58982478
2015-12-01,647356918.6589999,612262368.1737121,556260497.6075366,668483993.9400878,417040147.0718047,395996601.75055146,365004701.01862466,425310271.61615336,97103537.79885,92003195.22934994,83285088.71254729,100520717.32194592
2016-01-01,659302563.3551185,604500820.1256558,550130329.5022511,660199847.9365181,424541050.5743575,394033348.71655154,366592657.4893476,422836603.31062096,98895384.50326778,90824148.1784907,82345713.19227396,99869468.77561301
2016-02-01,641624390.3577285,598272308.2797076,545477451.9782507,651581775.4799495,412608276.9577118,387506400.9520585,359161375.18036276,414663630.39164364,96243658.55365928,89926160.89864214,81775109.25981174,98568570.91064112
2016-03-01,630924574.6900992,589454633.4704899,538550519.4265116,645600197.3260629,406999438.4144719,382145157.3553806,354154509.20727575,409710409.1861638,94638686.20351487,88667565.36243981,79983277.6856331,96973915.53920387
2016-04-01,647443188.8522207,597501350.7208265,546601504.1894442,655548095.3481704,419255223.8570178,388201909.670264,359671458.349153,417348731.8141339,97116478.3278331,89766627.90711427,80937037.55287212,97686978.13003483
2016-05-01,632063214.2843294,617137659.1259315,562547324.7459749,669842170.8919097,410263455.4763255,401181543.7514988,374188277.13771784,430884363.22164965,94809482.1426494,92795031.35189728,84572391.36267923,101396972.12261562
2016-06-01,646874580.0254015,618921615.2370086,565295138.4485463,675279075.1376631,421042868.777429,403233490.3310949,376020088.1246401,430716227.97917235,97031187.0038102,92971740.66377915,85145646.52399413,101810482.09739359
2016-07-01,659258094.1621599,620401555.9301257,566726849.8151156,676022732.2938348,428887009.32257,406091321.2169455,377059425.0078554,433582436.63475764,98888714.12432398,92947492.7974689,84726916.0566344,101313402.40771304
2016-08-01,636972049.5176518,612746179.8979266,557447779.4729472,671380935.4640427,415154894.3923488,401236415.35466516,372743910.13740927,428120268.314717,95545807.42764775,92010839.0658732,83343959.70276178,100191946.82683527
2016-09-01,657600195.3068599,618609668.7755594,560988549.7456558,675664866.0914475,429723865.7442986,404432523.7140288,374829188.99982035,431178073.98128355,98640029.29602896,92721153.33865738,84452096.14891157,101120151.97768375
2016-10-01,660177505.0155665,600093971.7110868,544716964.8763468,652144243.8232207,432418721.92000514,392458561.2405207,364355927.89782155,418432268.1662098,99026625.75233497,90063430.82912852,81472274.32317378,98993210.0163666
2016-11-01,660978445.3096149,603812159.4656694,547158093.2006216,660388730.7733248,433453758.3555563,396398759.4371001,367849776.4678664,425419164.94470257,99146766.79644224,90990165.06480105,82685760.2964968,99190284.75518884
2016-12-01,678607568.7015725,633492762.135142,581389931.2922736,689438026.9350526,446137962.2406111,414993026.73314565,387384030.0155137,444548601.0994098,101791135.30523588,95168813.77593437,86679184.67711554,103287233.0693143
2017-01-01,624187961.1933804,628178536.1682867,570645805.9416566,682547099.7438474,412019920.6064083,410244584.3268011,383049116.6813868,438115634.35455346,93628194.17900704,94266082.03218368,84816462.67824338,102015034.59678838
2017-02-01,631511441.3571671,624214494.2668344,570104660.6973324,674367618.8707777,417517978.68849903,409993676.5670301,381975667.903294,437552157.4567044,94726716.20357506,93502157.03660561,85180405.59054217,101960704.55613302
2017-03-01,626773809.4615804,620096348.4753264,564820629.8590161,675208534.3506328,414192135.2632191,406431272.24335736,379224465.12811685,432421651.49574614,94016071.41923706,93212155.29640584,84606600.28705405,101723456.43868272
2017-04-01,630615621.6689358,639857652.7828184,586932759.9772854,698439659.5535117,417245237.021912,420491137.29188234,394337869.4023831,449768287.2757365,94592343.25034036,96101013.3808994,87494336.67109731,104136821.04668686
2017-05-01,627508708.2503628,640754377.27328,586697388.449792,694416407.5252732,414868208.0221917,423927970.15741134,394531999.5376937,453284867.54588664,94126306.23755442,96212754.33645202,87962492.57352844,104540649.18584996
2017-06-01,670889193.3673726,633503136.4528874,581020679.8150965,684178787.98067,443837610.485249,419998836.4595193,391517585.0136098,448116240.5916593,100633379.0051059,95062782.20225555,86638910.11948742,104130339.8226315
2017-07-01,633939743.8259038,633341989.4248742,577768789.5140071,688166335.6983565,419530517.9073582,420740526.14610946,391025645.800793,450167365.16294044,95090961.57388556,94950550.80709878,86625831.37703562,103597287.66748454
2017-08-01,634101259.5084884,640711034.9466183,585440313.2737957,695147191.4499481,421252433.7340229,424064118.51935256,396533190.0014433,452621572.6877715,95115188.92627326,96240800.90685381,87620044.89745335,104521323.9267681
2017-09-01,678615055.1850224,634334004.0766902,581655528.9498634,687662720.894475,453126364.2428825,421510712.4273352,393827920.1449224,450852042.993589,101792258.27775335,95138502.58231735,86666544.45148107,103508021.2785666
2017-10-01,680810181.1190611,668215884.8339753,615537036.6568638,724455134.7627558,454944431.27363575,440416227.94309837,413509429.0407482,468658547.15452117,102121527.16785917,100356418.5217249,91665848.66262206,108611507.60091713
2017-11-01,650509314.1990595,651417833.4600692,598068208.3059214,710365345.6749569,435855959.92584425,433619478.1706532,403713675.34910303,461541604.2071414,97576397.12985893,97897397.09699602,89862131.50046895,105609107.56683151
2017-12-01,660291943.4562168,642933852.3259388,588144288.3262423,698312214.2467356,443342652.8993483,431012907.64180315,402150949.3323835,460994108.07796395,99043791.51843251,96407233.79806866,87793947.12465847,104289420.78178053
2018-01-01,614911535.4691447,636272354.8656304,577466940.5638667,688975358.2493551,414628780.5702436,426990528.6676037,399194311.2995562,454062369.4893444,92236730.3203717,95331349.49385585,87204440.19966248,103364415.25115846
2018-02-01,631414564.7819431,659950780.0364062,601569313.2437483,713301929.5561674,426902869.6310325,441301894.15161073,413550249.68359494,469516303.8441537,94712184.71729146,98853472.9727709,90467788.74623492,106948794.01704024
2018-03-01,636003011.8096268,667782544.0267634,613697151.4402956,723162409.0402079,430087860.79882747,444765104.7489236,418169375.6350696,473317802.0125244,95400451.77144402,100188701.57142453,92281297.31615879,108466526.2983967
2018-04-01,640448104.5578631,676385985.373878,620412152.0616316,734788499.6269432,434221742.98925614,453980244.6392964,424903835.1094375,482205037.1971941,96067215.68367946,101371866.86068614,93094396.27048787,109714315.65879871
2018-05-01,678322272.6742401,662773848.9350616,604039922.9879956,712273862.9072642,460938738.242686,447800569.78908503,417849614.8898647,477477108.1723845,101748340.901136,99348268.52394435,91236416.07112333,107972616.91478808
2018-06-01,621088213.7466612,669538079.6847914,611552135.2344288,721443673.1248424,422426938.086453,451993426.3833609,425327721.2326872,480809761.6889548,93163232.06199916,100341115.03078127,91627786.14591874,108095291.37685166
2018-07-01,649835785.3655407,675120021.2797928,618839296.3700491,727487798.4149903,442324417.971808,456033995.5146523,426209538.24520415,485239164.91176283,97475367.8048311,101194019.52239005,92742499.20352831,109419740.80667076
2018-08-01,618073854.1125027,678535251.256865,617323760.2831837,730520238.1127615,421456925.0752141,459656860.37525034,432185370.7893528,488305783.9836081,92711078.1168754,101650050.22946133,93025420.32656096,110410736.9335042
2018-09-01,640281755.7569048,688134007.9238194,630547203.5486523,745823606.3180742,437500611.4796389,465667901.49201435,436567657.0193946,492508566.4107315,96042263.36353572,103137924.05498603,94328914.22813846,111173902.05757459
2018-10-01,668448545.6789876,682378420.3634269,624966863.6235406,743219232.8271024,457815402.690137,461655885.38532317,431356122.94517547,490060080.2376101,100267281.85184814,102250189.16119324,94725131.57976002,110232592.26321483
2018-11-01,657590400.355843,672519096.2088431,618676752.3735598,724450907.4498228,450061587.2089304,456895513.46420884,430474307.3311485,483778230.63084865,98638560.05337644,100744088.20861314,93192539.25314228,109291278.89763652
2018-12-01,643159255.9544543,668768247.474198,615181735.7331122,723694640.0181537,440486244.2719236,456418281.64159334,426940428.06833994,486239629.5045445,96473888.39316814,100192892.85640839,91914865.18351522,108951882.13986771
2019-01-01,608246507.7038087,625674214.2857987,567728920.5031216,677577185.4759215,416235737.0488217,431824962.3814785,404175454.2561221,461154859.04898226,91236976.1555713,93616164.47335662,85511554.92770055,101914532.57541084
2019-02-01,625166812.6377603,633369775.5475469,577697143.6388619,689075250.7493168,429098634.595081,434526184.63457876,406113656.2641603,464009923.35995984,93775021.89566404,94803857.41257522,85855578.58290997,103334308.00327787
2019-03-01,639305679.5865731,657734777.5367707,602184157.1710206,713838786.0494324,440462656.8612712,447397923.6300545,418450835.4871381,475051670.89545053,95895851.93798596,98488730.70973648,90857550.54612313,107011674.31208634
2019-04-01,619672801.1391939,654158314.4915196,600178555.5370039,709543285.4938108,428541328.9400932,447768465.3621534,420809467.7160603,476521416.664135,92950920.17087908,97955048.04520975,90292461.89574479,105615801.5018822
2019-05-01,653923464.0299114,664472282.0227339,611409395.7724534,718666220.5333623,452339364.7004881,456217621.291649,428564920.4274674,483312747.83145964,98088519.6044867,99548098.24796337,90473535.50836006,107861481.16920802
2019-06-01,638138507.6201042,656347055.1630646,603665835.968702,711250715.9768867,441276903.9619972,450357745.6648828,420129582.6843717,478393954.9542799,95720776.14301562,98325347.24276069,89706374.72661707,106634721.12041192
2019-07-01,670534242.0902957,654372207.1400976,595236185.796207,708881258.2979902,464748876.9734613,448602886.3293171,422071953.0654831,478553116.23140943,100580136.31354436,98175612.44963172,89627155.52976914,106448442.65404135
2019-08-01,658481124.578067,639765099.281453,579867557.9431792,695785264.827924,456812328.88585305,443052854.17372483,417026477.11745334,471189613.0523705,98772168.68671004,95687810.86917923,86781521.484226,103894649.16485439
2019-09-01,618248551.2087559,641430575.9100395,587458998.6165581,696124672.2821846,429561541.4698373,444215973.98884314,417965384.11762273,473172662.7803219,92737282.68131338,96073484.36371127,87739033.58826844,103909034.38409871
2019-10-01,622258906.7732087,652094319.278345,597627790.916554,708661317.7282578,433570322.1088282,448934648.16342133,421025378.62544,476470717.78155845,93338836.0159813,97604457.46591178,89380044.35469249,105779859.37478538
2019-11-01,629682308.2055669,665170259.9008005,607501258.1966665,720198868.892127,439977959.5529803,456845029.40398914,428140331.68461573,486238891.89148587,94452346.23083504,99422216.45543559,91050519.46136926,107935669.06913789
2019-12-01,646862650.6750599,659440465.1559399,606506042.5617647,715770415.4316804,453298652.809511,454948240.67844945,425725301.7439736,482240054.8791395,97029397.60125898,98776693.0385465,90614440.02418374,107289390.70853397
2020-01-01,602999178.4666592,645172505.6931326,589740380.655265,700922000.0100628,423372689.9662615,447325625.65551907,418907814.0363508,477071567.3526368,90449876.76999888,96687955.66168055,88193773.46473947,105229720.6347351
2020-02-01,621463077.2351966,654038429.7123486,597477147.6091099,709469422.1412052,436543522.73158896,450545829.89984506,423308393.4679884,478955218.4027675,93219461.58527948,98037876.03150868,90281237.73009731,105947157.74308491
2020-03-01,434331284.7560655,580157847.4989868,524898682.3279692,632974746.2726599,303712162.37823105,402791706.2006704,373634617.0022905,431185975.6007144,65149692.71340982,86927643.8357746,77720283.36517477,94415329.68763673
2020-04-01,329934216.91613483,398596910.4348617,343950525.89880764,449226668.3070679,228883802.0486205,278863333.23794955,251464434.8631574,307829536.25371957,49490132.53742022,59908340.350961596,51278459.29021334,68334704.313778
2020-05-01,445147873.9730555,415171552.2255405,354486580.75487095,465065626.3972617,308533049.514632,293464587.07291305,265105817.0755926,321056539.6328077,66772181.09595832,62307562.816378005,54223053.23024091,70421076.33694021
2020-06-01,488767688.11686057,497474794.18179387,440990768.7181214,550364023.1180286,340408214.5284159,350057324.6435987,321279450.880872,378777251.98488843,73315153.21752909,74433996.26302168,66507816.637737975,82974537.9510759
2020-07-01,546814028.6934824,527029041.3901155,474948749.68292004,585570710.8181728,382776201.5394878,375205568.73867744,347490254.0863285,402552085.5895223,82022104.30402236,78429267.53861196,69874327.39857943,86726142.26782179
2020-08-01,577430339.5801159,537866405.4768348,486647146.80396503,594530945.2678162,405716215.1781351,382478440.45151573,355022555.04559964,409037714.8642993,86614550.93701738,80244880.22086644,71992707.05460045,88628909.49026644
2020-09-01,629187577.7075578,563354648.0410908,507153826.6249236,617855924.7109648,443243044.1721798,396993279.2860099,369427049.1287335,424712220.345059,94378136.65613368,83968579.69889201,75555500.82561357,92013845.41214187
2020-10-01,607189678.4937102,572854462.2639796,518991596.77358043,626470576.5204924,428275962.9312713,401303555.6276276,374075121.6238134,430936738.2136773,91078451.77405652,85572320.80836505,77322404.73907483,94437826.08638272
2020-11-01,577693736.6613692,542005654.6784056,486781320.66534454,596208099.6566156,408397900.4818181,387553438.9496621,360781676.169879,414995044.27165633,86654060.49920538,81085957.77762829,72832964.74327247,90220825.47611043
2020-12-01,626032271.009496,577764674.3736912,523656292.52638686,632290303.0805148,444494151.4191908,411920497.8555486,382677006.8147037,438531810.66451406,93904840.6514244,86111505.17453082,78222143.43653771,94548291.21260093
2021-01-01,633750577.7715789,574386438.7071291,521227190.9126921,627200102.8751359,450994283.3085784,409351246.7388757,381071706.9492764,435178464.8305957,95062586.66573684,85426135.68091843,77075790.22972482,93719439.13639258
2021-01-31,605830680.0,542388796.4293735,488742127.2224853,599601931.9583217,373233787.92,342607653.03014886,313481097.0354427,368899739.55438876,90874602.0,81919036.37539698,73800599.97799487,90807560.12077267
2021-02-28,653103760.81,593168250.1791903,535341733.07755166,644475089.5480727,402397427.86,381603962.40878683,354683671.3522656,409250431.196634,97965564.1215,88762136.5352207,80266075.39496195,97683611.79194222
2021-03-31,645280680.0,582915650.2221388,523700648.77626866,635580944.6894116,396294782.4,369494073.0014026,339784635.98628706,397409408.3731795,96792102.0,87705419.22344421,78743330.944697,95588790.99654904
2021-04-30,633761366.33,565481927.4322727,513787512.4112763,622784896.5948265,388732622.09,364629831.13285244,335506916.40709966,390614445.7570692,95064204.9495,84972141.99082698,76103897.8589836,93243606.9977147
2021-05-31,605697120.0,530671549.07141995,470876639.36259574,584576370.4280413,372088072.44000006,340244601.0510249,311869518.3222382,368078475.41638047,90854568.0,79821489.01280557,71435808.67545432,88181959.2663034
2021-06-30,581552400.0,545329663.072069,484796679.91589504,598427386.0500963,358096099.2,347155233.4571089,317857592.4935509,374834872.12696415,87232860.0,82403822.2401918,74609295.85940322,90631540.06549712
2021-07-31,506650200.0,539915163.8926282,483534108.2512777,593602472.995997,310812119.4,343978892.1153254,313656215.0363375,372388862.14990324,75997530.0,81207443.61745521,72511003.28423744,89064294.12782298
2021-08-31,525962389.89,521703165.1302533,466253728.41164106,579851785.7201283,322664660.92,333970136.3892217,306501862.95386255,361890416.44972324,78894358.48349999,78768674.81293854,70434719.01423703,86887854.56594293
2021-09-30,518757480.0,535415881.3996108,480933153.701622,590863013.3561386,317913927.84000003,342469275.5016717,315160614.6716219,368935326.0371969,77813622.0,80462665.30475287,72573786.54088317,88821755.71188201
2021-10-31,572682669.95,544707999.9979969,489493189.92514634,597498019.7644582,351599185.25,348266493.39870435,317868140.8560218,376052976.3399648,85902400.4925,81404988.67895298,73401571.49006085,89819286.0655488
2021-11-30,525487560.0,560389069.6896204,510586854.4740826,613540960.2726002,322575081.72,362954925.90645176,332971159.9959447,391242445.7661363,78823134.0,84196531.63475688,75966506.59468752,92727607.46621373
2021-12-31,608538000.0,562443859.4241596,506349445.5545522,616670214.2138317,373744848.0,368639248.7419048,341316187.5448869,395078665.503827,91280700.0,84715187.81409837,76454116.55382875,93221701.90930831
2022-01-31,401934960.0,443128575.76725507,388276961.6368241,497278908.70835215,294552402.48,283686407.35103625,254693714.7488962,311574006.5706102,60290244.0,66917694.76050695,58480598.82198365,74951215.13076979
2022-02-28,414151169.37,463643492.83171767,407564611.3510465,517762116.7232649,304035432.93,297060846.1588664,270435014.8016503,327247066.96417284,62122675.4055,69228833.66085874,60700753.534778915,77510939.48761877
2022-03-31,428562640.0,504923769.5439187,452180548.0563802,562894951.4128847,315445567.36,330578731.3210078,301710287.9056535,356305219.87557614,64284396.0,75532771.89692558,67602695.60152131,84221532.4667886
2022-04-30,430357194.33,432764393.57308435,381604552.1785338,489850796.5451146,316278461.91,283466532.0508437,254651040.1303448,311302919.2117557,64553579.1495,64841452.56085841,56308672.20947113,72384033.96514797
2022-05-31,389754960.0,491919512.4426219,436208495.96623176,546384155.6811601,285425501.76,322237176.5556499,294080566.60901016,351645044.9586623,58463244.0,73635158.34049404,64832790.20807034,81846149.79925314
2022-06-30,387648800.0,486336833.3025134,430437819.24932367,540936980.2107074,283621956.8,319997042.8796346,292998179.56687033,348435785.5172093,58147320.0,73117674.5069842,65188111.049387865,81664866.24476187
2022-07-31,352012240.0,421179184.95850044,363276385.1954771,476798585.341041,257967810.8,269336750.87678665,241252243.97930077,295300289.4389296,52801836.0,63322939.28111515,54872320.112369515,71932830.79462498
2022-08-31,358955702.32,438762465.33540994,382708801.72154367,494251881.20520544,263595947.94,284286469.88478225,258954015.37369376,314003732.687733,53843355.348,66282261.13618743,57717436.82461686,74724077.99874544
2022-09-30,314724960.0,466959267.831108,410736330.3782752,521707707.6049706,231210161.28000003,303223565.2930076,275975790.141709,330861608.83199847,47208744.0,69991201.02204236,61399830.97819346,78166370.65669464
2022-10-31,357950965.08,444093738.2752724,390213095.3435386,499317377.6210294,264310189.69,285627659.6049707,258115866.15636545,314777763.89750063,53692644.762,65995044.00457531,58042022.89909122,73928835.02068362
2022-11-30,369469440.0,439283723.5640137,388553100.1757793,494532395.5933654,271796512.4,287302899.2884795,257931451.35509363,316004383.55612034,55420416.0,65958731.13517403,57139109.05843967,74205717.99677859
2022-12-31,376676800.0,351092305.7373199,293644072.7568192,405540857.54031223,276474464.0,233443045.1527937,206348521.99634847,263020609.90754542,56501520.0,52938227.6051505,45094141.88856221,61214552.675151706
2023-01-31,489067950.0,515642544.6962508,459441533.6020032,571253196.8112266,330923502.0,334720598.06785065,306403056.1714618,365283582.818833,73360192.5,77828782.48332189,69193965.29403539,86055960.5017317
2023-02-28,537113068.72,527700944.0883761,473437027.6393761,581144248.9290398,360920651.48,345410968.09094465,316845888.5327653,373753880.1137866,80566960.308,78726152.11908387,70054808.76592739,87823131.65622829
2023-03-31,540703900.0,490534227.33271265,438719267.9234161,547168987.446562,365956272.0,326686503.528423,297610875.3974968,353387598.2722534,81105585.0,73252855.59721512,65306473.99220192,81720155.65810576
2023-04-30,523876076.61,507694072.4359328,450757698.9344971,560753650.4770098,353164004.48,338018832.7904499,310049754.6014043,367697702.085784,78581411.4915,75974120.34705907,68484687.79332085,84663488.4956923
2023-05-31,533552250.0,490437932.77443814,436674382.58219606,544766121.8115019,359179380.0,321406165.1349362,293060858.33046156,349633132.2643649,80032837.5,73572161.57163656,65385188.20467571,82105678.1084916
2023-06-30,474129000.0,504353462.2018571,453580969.67950886,559809970.6469659,319788180.0,332276342.655056,305230670.7249407,361789416.74516577,71119350.0,76015558.70324652,67689088.77029459,84718637.93792109
2023-07-31,448811350.0,493972329.8399745,440417002.2001338,554353326.8909827,302656918.5,325233101.1923623,295326391.09557736,354455110.01173705,67321702.5,73962694.94084676,65219895.30591496,81888869.68603659
2023-08-31,433189706.04,493088662.6043179,436769159.1647512,544916466.2766063,290636613.91,325248580.0016898,297926354.35890436,353941392.5511148,64978455.906,74396135.43887636,66563720.1434409,82301734.45067935
2023-09-30,427221900.0,437898817.9603624,383361388.4287096,497911075.03686523,289079604.0,285936074.0546847,258516909.1724937,313359954.7049531,64083285.0,65699686.459141344,57071116.27930812,74822863.83332983
2023-10-31,432454421.06,521782697.2341787,465244413.81977344,576414909.6959251,292208634.87,339305317.27840674,311230347.76987547,367751506.6670609,64868163.159,77531688.50191535,69406505.80487491,86083785.62216747
2023-11-30,436120300.0,457302253.7559698,400753323.0618621,515137482.8776541,295694140.5,302636554.33796227,274160521.05362105,332592734.32231593,65418045.0,68633434.87587124,59421682.492275685,76541566.32241029
2023-12-31,460871000.0,489746064.52715975,437620676.9734014,543551074.2942997,312025950.0,336014842.61500597,306512404.44139415,364214378.74590635,69130650.0,73518054.64663602,64636089.70290457,81649958.32522494
2024-01-31,634143510.0,565744901.757007,513010865.4793671,621984895.1115451,381741250.8,374555067.3101621,344651104.9273391,403142598.27373576,95121526.5,85309488.39240538,77008341.92897542,93395161.1701226
2024-02-29,701713468.75,588762648.8121947,531898800.3937402,642524436.9936155,419034361.2,390237564.8077852,360998378.98236656,419757722.25277126,105257020.3125,88063183.444778,79490589.79255389,96833439.2029716
2024-03-31,718061630.0,592450665.8993381,538475540.0463399,647993582.1947304,431719516.8,394160090.1681265,367537430.43863636,420075568.5166508,107709244.5,88741456.60312384,80333188.65649979,96777353.31129009
2024-04-30,725670881.59,622065403.427881,566980785.2122538,676281993.4575794,436590285.49,419215291.63582224,390489072.831517,447953950.0259685,108850632.2385,93059581.95096186,84642730.4820643,101449424.80114074
2024-05-31,660082605.0,581775802.70868,530181537.0715914,637831241.9145502,398107491.6,389576719.38035756,362288061.3076706,418482762.0085424,99012390.75,87073818.9001151,79045404.35855126,95280098.82797061
2024-06-30,602160000.0,521082949.27325565,464472231.45844,577411565.0121523,360647248.0,342439807.29437095,315201969.7167822,368281527.3358108,90324000.0,78473045.01140186,70325694.57071544,87404321.79908815
2024-07-31,613329405.0,600405978.1312875,541399562.6368662,651198983.4508656,368805481.1999999,402219947.30950004,373755645.4133058,431336672.91163963,91999410.75,89871504.6151247,81694488.97462605,97858616.78682852
2024-08-31,578492791.21,579770337.7781215,525232908.8770378,637277691.5021851,346347887.20000005,387830037.1780178,358607137.09200996,416964587.90547895,86773918.6815,87049566.5863989,78947456.72981107,95512406.2410248
2024-09-30,586845090.0,531169804.669736,479162033.1773542,590403184.34339,352539907.2,350824266.84215343,321513190.29601836,380013906.42129874,88026763.5,79755267.84529519,71368486.56048916,87725105.43692921
2024-10-31,596618707.07,597251372.3496822,542033225.2462957,651036882.4436579,359052580.85,395843552.67857707,368535310.96556807,424810244.17365086,89492806.06050001,89203684.9352766,80690597.66154815,97072286.58699815
2024-11-30,642819970.0,571279341.0864954,518592438.6960971,632385628.3247576,386269863.2000001,383883707.04168534,357139004.7167391,411789260.33702046,96422995.5,85603356.80875199,76266517.69975309,93674953.72877878
2024-12-31,639906800.0,523480474.3203854,467107800.76666784,576605855.5095677,384374744.0,354009587.02827674,325373012.0824112,383442974.4221413,95986020.0,78547286.40771608,70104265.9442798,86885727.89987428
2025-01-31,,587915034.8643962,535178987.60402226,644932348.1596186,,392587131.8868293,366761971.75308925,420928164.21783775,,88279229.18359315,79930439.15927729,96786379.4289224
2025-02-28,,560399181.8448722,501814436.9142001,618337349.449609,,367584353.7761972,338939665.22829825,395439292.959897,,83999645.83649486,75908457.17060757,92145855.57989676
2025-03-31,,686999138.7108098,629778273.2614014,741233470.2634143,,465392365.9532703,437724677.74415624,493214739.5790117,,102627163.70609409,94772905.32081205,111470599.45844331
2025-04-30,,658259417.6692792,599172680.1879659,710834282.0936776,,441973497.58741885,412306795.30497354,472024387.35836804,,98723725.38129269,89842013.03855763,106486483.13093562
2025-05-31,,580753100.03779,523335768.87284297,638178424.4778155,,385827770.9732865,355378158.4073488,414694426.8771253,,87258266.31930512,78537675.38773683,95262431.32482669
2025-06-30,,462604005.00791633,408218055.0309644,517933557.6204294,,302596178.8203779,272266320.706487,331363904.45366055,,69945721.17584577,61433932.22378553,78173313.82874362
2025-07-31,,644908124.0109035,589719527.2906306,698565888.3616729,,435231457.53938866,406620190.10952103,461927639.6791583,,96636908.49813926,88275824.40603636,104819366.36515465
2025-08-31,,649172747.6787124,590779424.3397759,705547156.4342939,,439387373.0102008,410383366.0753254,466692295.979437,,97469185.97646898,89366379.60063736,106007519.42909563
2025-09-30,,564116524.1668015,509581107.16473716,620859322.5641345,,382149768.7154207,353430129.49361235,409923305.5264182,,84371286.76179019,75954168.7200841,92357388.28747529
2025-10-31,,594148692.0379217,540863907.1024464,647848726.6853827,,403109547.60841995,375698873.79067516,431505800.7491428,,88258946.11581156,79907116.71774857,96274120.12407158
2025-11-30,,512054023.2954618,458467508.61517584,564607490.7615364,,351535894.6433015,320382241.7564446,380117231.6506308,,76518523.23409462,68160768.7878084,84745126.87674692
2025-12-31,,547977581.2761678,489382261.43898636,603014861.3547859,,385639887.0878256,356737766.78465515,414065004.2240035,,81888205.21435516,73907276.42345183,90540361.13179117
2026-01-31,,532924829.6094926,474124952.50851727,587667128.6472514,,360401251.54695976,332232459.7595326,388988811.24577194,,79933053.86491059,71356986.55383803,87928648.28398527
2026-02-28,,523950950.6952118,465372765.5210038,575846100.5607497,,361165174.4321299,332005692.4072608,389374374.8959945,,77679140.9652438,69568907.28208022,85851257.32974735
2026-03-31,,532794532.13147163,477623756.4913383,586853204.4430825,,360658202.25652796,330647836.02171254,387521117.1434845,,79624285.56196693,70879573.25362197,87703597.81251316
2026-04-30,,648283581.8139051,592974330.9588915,701695232.8468487,,453223027.7214912,425484253.2297148,480965741.1026022,,96606416.17070264,88332605.73217118,105584524.12078507
2026-05-31,,636263555.2179953,580273092.3382066,690075210.5850054,,440551442.5843912,413023289.0021835,468754167.01842606,,94891552.02552874,86987628.8655574,102681046.21451274
2026-06-30,,495103753.96247405,443736848.57161355,550987628.9036009,,337203627.38049304,308716536.9415829,365182045.90735185,,74365994.60211612,65575355.40145012,83008030.2434817
2026-07-31,,,,,,,,,,,,
2026-08-31,,,,,,,,,,,,
2026-09-30,,,,,,,,,,,,
2026-10-31,,,,,,,,,,,,
2026-11-30,,,,,,,,,,,,
2026-12-31,,,,,,,,,,,,
