ds,inflow_operating_revenue_actual,inflow_operating_revenue_forecast,inflow_operating_revenue_forecast_lower,inflow_operating_revenue_forecast_upper,outflow_cogs_actual,outflow_cogs_forecast,outflow_cogs_forecast_lower,outflow_cogs_forecast_upper,outflow_opex_actual,outflow_opex_forecast,outflow_opex_forecast_lower,outflow_opex_forecast_upper,inflow_operating_revenue_final,outflow_cogs_final,outflow_opex_final,interest_expense,taxes,net_debt_financing_activity,capex_outflow,long_term_debt_projected,interest_forecast,interest_final,ebit_final,ebt_final,taxes_forecast,taxes_final,net_operating_cash_flow,net_investing_cash_flow,net_financing_cash_flow,net_change_in_cash_total
2021-01-31,605830680.0,581599255.9728398,551117665.7020974,611007119.4364899,373233787.92,363509047.0370364,349140931.40630186,375958913.41801095,563399.37,563348.6393885349,550188.7602949517,575625.1157241248,605830680.0,373233787.92,563399.37,66630.87,27104873.04,0.0,6527458.0,30221732.4,75554.33099999999,66630.87,232033492.70999998,231966861.83999997,57991715.45999999,27104873.04,204861988.79999995,-6527458.0,0.0,198334530.79999995
2021-02-28,653103760.81,618623862.3396779,587596295.3554846,649917620.1514306,402397427.86,386418970.7800701,371857767.8379622,400468636.6089271,573931.91,565680.8979935901,553291.1878463895,577598.2162806597,653103760.81,402397427.86,573931.91,67673.34,29229267.92,437840.5500000008,7437379.0,30221732.4,75554.33099999999,67673.34,250132401.0399999,250064727.6999999,62516181.924999975,29229267.92,220835459.7799999,-7437379.0,437840.5500000008,213835921.32999992
2021-03-31,645280680.0,665091210.9344403,632604026.9762177,697308151.5645084,396294782.4,402278850.1611048,387840462.6691988,415985341.3211857,572427.95,578793.0919625018,566254.5088540214,590870.4000894723,645280680.0,396294782.4,572427.95,59696.13,28879599.58,-3350431.350000001,6401901.0,30221732.4,75554.33099999999,59696.13,248413469.65000004,248353773.52000004,62088443.38000001,28879599.58,219474173.94000006,-6401901.0,-3350431.350000001,209721841.59000006
2021-04-30,633761366.33,648764563.0024768,617552776.809306,680685879.3373038,388732622.09,400300252.7562375,386766275.7640806,414017322.9838568,536674.29,555740.9102647632,543595.0596213343,568129.3033189479,633761366.33,388732622.09,536674.29,51957.19,28372103.61,-3250351.6499999985,6788431.0,30221732.4,75554.33099999999,51957.19,244492069.95000005,244440112.76000005,61110028.19000001,28372103.61,216068009.15000004,-6788431.0,-3250351.6499999985,206029226.50000003
2021-05-31,605697120.0,614045905.7708367,582149086.6940639,644290743.9289542,372088072.44000006,381039178.73985696,368915998.6776424,394467011.8909271,548966.73,551733.9580536812,539664.9958378398,563609.5617097367,605697120.0,372088072.44000006,548966.73,65748.73,27102691.54,5792445.75,6025676.0,30221732.4,75554.33099999999,65748.73,233060080.82999992,232994332.09999993,58248583.02499998,27102691.54,205891640.55999988,-6025676.0,5792445.75,205658410.30999988
2021-06-30,581552400.0,606105115.2351987,574879300.3266261,634233777.4994415,358096099.2,366679985.57664114,353259861.1534222,379302384.7058658,564252.17,566679.544958189,554085.5695864815,579958.7502138066,581552400.0,358096099.2,564252.17,74311.75,26010217.02,3596468.3999999985,4611555.0,30221732.4,75554.33099999999,74311.75,222892048.63,222817736.88,55704434.22,26010217.02,196807519.86,-4611555.0,3596468.3999999985,195792433.26000002
2021-07-31,506650200.0,492265594.673378,464939908.8506216,526500594.5711421,310812119.4,307709020.78805035,295450852.43860346,320753398.7504476,552305.73,540107.9900441398,527600.7914560288,552910.482772276,506650200.0,310812119.4,552305.73,71390.64,22643334.91,-1226867.25,4666822.0,30221732.4,75554.33099999999,71390.64,195285774.87,195214384.23000002,48803596.057500005,22643334.91,172571049.32,-4666822.0,-1226867.25,166677360.07
2021-08-31,525962389.89,503589437.3388393,471519218.4382913,535394348.42143697,322664660.92,317635919.95208794,305370867.08857954,330824517.4915091,579122.71,560230.1199980046,547734.8431694777,572909.2874420299,525962389.89,322664660.92,579122.71,69341.21,23506191.57,-860759.5500000007,3400243.0,30221732.4,75554.33099999999,69341.21,202718606.26,202649265.04999998,50662316.262499996,23506191.57,179143073.48000002,-3400243.0,-860759.5500000007,174882070.93
2021-09-30,518757480.0,477445317.7458567,448366174.3941416,509760011.0769193,317913927.84000003,299243656.42144644,286157110.19903725,312440637.84931463,564250.21,543968.9197775234,532378.8971157005,557244.8467798181,518757480.0,317913927.84000003,564250.21,53953.55,23189535.66,-6462817.199999999,5202079.0,30221732.4,75554.33099999999,53953.55,200279301.95,200225348.39999998,50056337.099999994,23189535.66,177035812.73999995,-5202079.0,-6462817.199999999,165370916.53999996
2021-10-31,572682669.95,558196761.4007515,525242138.7653963,589352289.2700254,351599185.25,345454146.3120167,332569890.69574064,357666521.9074224,558799.87,556134.9160240518,543146.8117057724,569291.5267102392,572682669.95,351599185.25,558799.87,57697.61,25616595.77,1572503.1000000015,5430069.0,30221732.4,75554.33099999999,57697.61,220524684.83000004,220466987.22000003,55116746.80500001,25616595.77,194850391.45000005,-5430069.0,1572503.1000000015,190992825.55000004
2021-11-30,525487560.0,509232300.2497816,477616311.3485222,539132590.6134803,322575081.72,314484707.8912549,300962671.547916,327864174.0366833,550683.7,546552.6223086894,534908.5705133983,558979.2077653174,525487560.0,322575081.72,550683.7,67245.12,23492458.0,4009954.1999999993,7421474.0,30221732.4,75554.33099999999,67245.12,202361794.57999998,202294549.45999998,50573637.364999995,23492458.0,178802091.45999998,-7421474.0,4009954.1999999993,175390571.65999997
2021-12-31,608538000.0,628845567.7731698,599723583.8153485,659798013.8228558,373744848.0,376978335.41195846,363868747.84852535,390435834.4694072,552975.74,564967.8900826898,552752.9400214619,577342.862585083,608538000.0,373744848.0,552975.74,69959.85,27228476.1,1140187.6499999985,7162607.0,30221732.4,75554.33099999999,69959.85,234240176.26,234170216.41,58542554.1025,27228476.1,206941740.30999994,-7162607.0,1140187.6499999985,200919320.95999995
2022-01-31,401934960.0,406960638.6545488,375975939.0685158,439593540.0835132,294552402.48,296361537.48383087,282469187.36485016,309740002.55907923,499674.74,502893.162366712,490020.5448484973,515544.8657709439,401934960.0,294552402.48,499674.74,65151.0,1868468.37,-2019717.27,7185578.0,30221732.4,75554.33099999999,65151.0,106882882.77999997,106817731.77999997,26704432.944999993,1868468.37,104949263.40999997,-7185578.0,-2019717.27,95743968.13999997
2022-02-28,414151169.37,415219046.5273018,381241292.316069,445648084.199528,304035432.93,304222127.1571582,291893687.34409016,316963118.420687,493215.75,502824.27415850566,490758.6647232475,515272.9129567411,414151169.37,304035432.93,493215.75,64089.39,1931429.57,-445874.3299999982,5736571.0,30221732.4,75554.33099999999,64089.39,109622520.69,109558431.3,27389607.825,1931429.57,107627001.73000002,-5736571.0,-445874.3299999982,101444556.40000002
2022-03-31,428562640.0,483384609.6515871,452124131.3201079,514147681.7246655,315445567.36,338180227.96352744,325078790.3018091,351213520.2960519,499056.18,506206.3992387642,494490.8800862552,518361.27566457406,428562640.0,315445567.36,499056.18,77071.95,1998781.17,5452675.329999998,5061313.0,30221732.4,75554.33099999999,77071.95,112618016.45999998,112540944.50999998,28135236.127499994,1998781.17,110542163.33999997,-5061313.0,5452675.329999998,110933525.66999997
2022-04-30,430357194.33,420002198.7070877,387927355.945854,450965755.7383988,316278461.91,310705197.0010131,297482133.80204153,324029321.0463243,493243.45,487156.97268830513,475374.35224760586,499438.7637319233,430357194.33,316278461.91,493243.45,57118.41,2014195.51,-8380488.34,5668744.0,30221732.4,75554.33099999999,57118.41,113585488.96999997,113528370.55999997,28382092.639999993,2014195.51,111514175.04999995,-5668744.0,-8380488.34,97464942.70999995
2022-05-31,389754960.0,407263383.45950407,375275828.1955207,440783770.9093986,285425501.76,296099846.18879545,282634046.26904213,308983003.07156074,502469.65,500145.5839279507,488071.4976414673,512068.7796007874,389754960.0,285425501.76,502469.65,62507.33,1807530.55,2263348.0600000024,5718392.0,30221732.4,75554.33099999999,62507.33,103826988.59000003,103764481.26000004,25941120.31500001,1807530.55,101956950.71000004,-5718392.0,2263348.0600000024,98501906.77000004
2022-06-30,387648800.0,366036451.80515707,336856284.7622505,397169379.9225708,283621956.8,273821628.28918386,260489241.4778416,286225651.3561664,493587.84,500364.5116522734,487953.95360883255,512688.15636015055,387648800.0,283621956.8,493587.84,67694.82,1797923.34,2178743.389999997,3920559.0,30221732.4,75554.33099999999,67694.82,103533255.36000001,103465560.54000002,25866390.135000005,1797923.34,101667637.20000005,-3920559.0,2178743.389999997,99925821.59000005
2022-07-31,352012240.0,362669361.8959982,331890425.275894,393357638.1331714,257967810.8,262051272.32789856,249169847.5774404,274243198.89212835,480243.77,486276.5281597877,473768.1608059994,499228.83390681614,352012240.0,257967810.8,480243.77,70810.99,1622297.51,1308791.289999999,5811630.0,30221732.4,75554.33099999999,70810.99,93564185.42999998,93493374.43999998,23373343.609999996,1622297.51,91871076.92999998,-5811630.0,1308791.289999999,87368238.21999997
2022-08-31,358955702.32,366088224.4393814,333341059.53997254,397011158.52397966,263595947.94,263746842.6999512,251259429.64404812,277165738.0628693,487682.73,502843.2192553111,490566.0513800378,515421.10021146265,358955702.32,263595947.94,487682.73,72936.96,1654623.59,892908.0300000012,4674505.0,30221732.4,75554.33099999999,72936.96,94872071.65,94799134.69000001,23699783.672500003,1654623.59,93144511.1,-4674505.0,892908.0300000012,89362914.13
2022-09-30,314724960.0,360000326.1660979,327863652.1397034,390782874.8114197,231210161.28000003,254349611.6421121,240812624.35911483,268655003.21449226,490512.11,509836.2233819338,496724.2405947832,522493.473809426,314724960.0,231210161.28000003,490512.11,55464.47,1437130.66,-7338444.710000001,4614256.0,30221732.4,75554.33099999999,55464.47,83024286.60999995,82968822.13999996,20742205.53499999,1437130.66,81531691.47999996,-4614256.0,-7338444.710000001,69578990.76999995
2022-10-31,357950965.08,339779781.7839689,308985013.16243064,366678330.6657569,264310189.69,257336083.6370538,244974276.69076565,270359424.2826738,504270.12,492094.5956901625,479815.71734005015,505103.1313750293,357950965.08,264310189.69,504270.12,54444.89,1650076.08,-428223.16999999806,7244388.0,30221732.4,75554.33099999999,54444.89,93136505.26999998,93082060.37999998,23270515.094999995,1650076.08,91431984.29999998,-7244388.0,-428223.16999999806,83759373.12999998
2022-11-30,369469440.0,378492889.6501511,349209235.8093632,409361932.8212178,271796512.4,272342536.5256356,258135176.1739991,284574086.9543849,496376.87,496059.6908245295,483042.8858382552,508506.0658628768,369469440.0,271796512.4,496376.87,52584.8,1710106.78,-781239.9100000001,5858088.0,30221732.4,75554.33099999999,52584.8,97176550.73000002,97123965.93000002,24280991.482500006,1710106.78,95413859.15000004,-5858088.0,-781239.9100000001,88774531.24000004
2022-12-31,376676800.0,319521458.22981447,289629139.1320702,353047177.077745,276474464.0,256281000.77870703,242699267.23419264,268716204.2247968,505164.99,481872.1748227602,470136.12320834975,493190.64631656016,376676800.0,276474464.0,505164.99,59971.21,1742099.95,3102294.6499999985,6093138.0,30221732.4,75554.33099999999,59971.21,99697171.00999999,99637199.8,24909299.95,1742099.95,97895099.85000002,-6093138.0,3102294.6499999985,94904256.50000003
2023-01-31,489067950.0,529217530.5941277,499052501.34303945,559827104.4906442,330923502.0,342720582.6482133,329793884.706855,356303995.3067323,529992.21,533456.7880744225,520062.4475723185,545492.5853906351,489067950.0,330923502.0,529992.21,56079.8,12080180.75,-1634392.6099999994,5804310.0,30221732.4,75554.33099999999,56079.8,157614455.79000002,157558375.99,39389593.9975,12080180.75,145478195.24,-5804310.0,-1634392.6099999994,138039492.63
2023-02-28,537113068.72,552854234.5574887,523693511.4255071,584483057.5949264,360920651.48,368471418.0593321,355386233.4443285,381668049.33470994,526430.63,518453.3642107864,505564.9408070788,530592.487674044,537113068.72,360920651.48,526430.63,70789.64,13278521.65,6178130.550000001,3294185.0,30221732.4,75554.33099999999,70789.64,175665986.61,175595196.97000003,43898799.24250001,13278521.65,162316675.32000005,-3294185.0,6178130.550000001,165200620.87000006
2023-03-31,540703900.0,499095226.9969885,467218100.7928446,530857047.1509213,365956272.0,349017505.51896906,336110906.4270312,361292801.2097154,517311.45,506675.67027677625,494402.2359829638,519493.2409949028,540703900.0,365956272.0,517311.45,62990.98,13372521.89,-3275433.2300000004,6595645.0,30221732.4,75554.33099999999,62990.98,174230316.55,174167325.57000002,43541831.392500006,13372521.89,160794803.68,-6595645.0,-3275433.2300000004,150923725.45000002
2023-04-30,523876076.61,529353592.6341052,493766826.28169256,560454250.42267,353164004.48,352575074.143045,338798745.5621957,366420066.3610532,531955.88,527895.0951387994,515038.8207445293,539692.0738292559,523876076.61,353164004.48,531955.88,70754.32,12946224.36,3260601.3900000006,4575917.0,30221732.4,75554.33099999999,70754.32,170180116.25,170109361.93,42527340.4825,12946224.36,157163137.57,-4575917.0,3260601.3900000006,155847821.95999998
2023-05-31,533552250.0,523908358.6379268,491951483.37396055,555064967.5299761,359179380.0,348385953.7338062,334746612.55009043,360855371.2270456,515943.7,517980.3156872768,504781.9047062463,530033.6809038706,533552250.0,359179380.0,515943.7,77371.69,13190477.4,2779296.789999999,5098908.0,30221732.4,75554.33099999999,77371.69,173856926.3,173779554.61,43444888.6525,13190477.4,160589077.21000004,-5098908.0,2779296.789999999,158269466.00000003
2023-06-30,474129000.0,485929378.9719709,456173881.2801568,516985454.2854944,319788180.0,323206046.05857134,310906663.8956902,336014187.04737586,538438.99,537407.7967851715,524019.8967916196,550435.0250374189,474129000.0,319788180.0,538438.99,71125.44,11700833.89,-2623426.6999999997,6277093.0,30221732.4,75554.33099999999,71125.44,153802381.01,153731255.57,38432813.8925,11700833.89,142030421.68,-6277093.0,-2623426.6999999997,133129901.98
2023-07-31,448811350.0,452475519.0603661,422304535.3351215,482669119.2013474,302656918.5,301665491.9101503,288071270.5434166,315327941.075988,514971.32,521251.8930560658,508823.1949915696,534256.8965351493,448811350.0,302656918.5,514971.32,62989.06,11075793.65,-3417279.52,5129426.0,30221732.4,75554.33099999999,62989.06,145639460.18,145576471.12,36394117.78,11075793.65,134500677.47000003,-5129426.0,-3417279.52,125953971.95000003
2023-08-31,433189706.04,448134668.1011541,418063744.0665386,479345299.0382064,290636613.91,295420291.57927895,281984661.31450874,307503368.52536327,527563.97,531663.4494812576,519356.2200532067,544568.1874349784,433189706.04,290636613.91,527563.97,63864.75,10681885.47,367789.7399999984,5111061.0,30221732.4,75554.33099999999,63864.75,142025528.15999997,141961663.40999997,35490415.85249999,10681885.47,131279777.93999994,-5111061.0,367789.7399999984,126536506.67999993
2023-09-30,427221900.0,423032398.77101815,390802563.33492506,453568867.78111607,289079604.0,284482752.68646884,271035101.38743603,298299457.02311075,535955.17,537373.920452174,525069.673893258,551414.477029847,427221900.0,289079604.0,535955.17,68661.99,10529393.21,2014839.41,5955060.0,30221732.4,75554.33099999999,68661.99,137606340.82999998,137537678.83999997,34384419.70999999,10529393.21,127008285.63,-5955060.0,2014839.41,123068065.03999999
2023-10-31,432454421.06,464591190.9375814,434081965.7084741,497925118.8501769,292208634.87,305116228.4550167,292030973.3878483,318218778.89399654,521904.12,536248.7436941544,522956.7971332415,548729.3703590992,432454421.06,292208634.87,521904.12,57840.29,10666424.42,-4545112.460000001,4827618.0,30221732.4,75554.33099999999,57840.29,139723882.07,139666041.78,34916510.445,10666424.42,128999617.35999995,-4827618.0,-4545112.460000001,119626886.89999995
2023-11-30,436120300.0,443142382.1981151,412753880.8239351,473912125.8820916,295694140.5,303101678.1216137,289583535.04984045,315643129.9695961,524091.13,528449.8779494878,516788.5500782023,541580.7570029951,436120300.0,295694140.5,524091.13,56918.74,10757755.03,-387053.5500000008,3260600.0,30221732.4,75554.33099999999,56918.74,139902068.37,139845149.63,34961287.4075,10757755.03,129087394.60000002,-3260600.0,-387053.5500000008,125439741.05000003
2023-12-31,460871000.0,497710734.1283138,467651598.83002913,529320063.2146425,312025950.0,328911356.32675177,316378981.45065826,342194380.13835216,527680.65,538482.1329966924,525756.5568800739,550783.0429734045,460871000.0,312025950.0,527680.65,75065.05,11371088.57,7621453.380000003,4147744.0,30221732.4,75554.33099999999,75065.05,148317369.35000002,148242304.3,37060576.075,11371088.57,136871215.73000002,-4147744.0,7621453.380000003,140344925.11
2024-01-31,634143510.0,613179440.073074,582068825.5806484,644744149.2717726,381741250.8,377777446.8848164,364859353.2947184,391476719.95479417,577932.17,571528.8655532016,559312.3414328463,585463.0233830486,634143510.0,381741250.8,577932.17,75093.53,31543919.07,11961.910000000147,6581588.0,30221732.4,75554.33099999999,75093.53,251824327.02999997,251749233.49999997,62937308.37499999,31543919.07,220205314.43,-6581588.0,11961.910000000147,213635688.34
2024-02-29,701713468.75,718722529.1324883,686634116.0730265,750503486.8192214,419034361.2,426965499.7108672,414033678.3886236,439019885.14013743,585641.29,592211.259554292,579814.3965211114,605177.2025210257,701713468.75,419034361.2,585641.29,81307.72,34918936.19,2609957.8599999994,3190521.0,30221732.4,75554.33099999999,81307.72,282093466.26,282012158.53999996,70503039.63499999,34918936.19,247093222.34999996,-3190521.0,2609957.8599999994,246512659.20999998
2024-03-31,718061630.0,686463281.6114881,653273231.2893343,715750133.4824182,431719516.8,420471545.6018121,407463842.5766421,433664860.87696326,575663.25,572697.8665038251,559925.8936024115,585437.1688753387,718061630.0,431719516.8,575663.25,64044.66,35743154.52,-7250486.469999999,4699646.0,30221732.4,75554.33099999999,64044.66,285766449.95,285702405.28999996,71425601.32249999,35743154.52,249959250.76999998,-4699646.0,-7250486.469999999,238009118.29999998
2024-04-30,725670881.59,715967851.2634875,687787296.8904628,748193768.0040734,436590285.49,431461899.8620029,417912037.4306717,444102723.3782885,585313.95,576137.2458165337,563133.6940900142,588256.9880424539,725670881.59,436590285.49,585313.95,60272.73,36122147.41,-1584208.8900000006,5424492.0,30221732.4,75554.33099999999,60272.73,288495282.15000004,288435009.42,72108752.355,36122147.41,252312862.01,-5424492.0,-1584208.8900000006,245304161.12
2024-05-31,660082605.0,644443661.5580398,614214979.3069811,674917741.3276222,398107491.6,389666609.0134206,376780747.5379043,402591510.52336925,590878.75,588253.7241351751,576516.6981070278,600257.8664949042,660082605.0,398107491.6,590878.75,66917.19,32839681.27,2790672.120000001,3489216.0,30221732.4,75554.33099999999,66917.19,261384234.64999998,261317317.45999998,65329329.364999995,32839681.27,228477636.19,-3489216.0,2790672.120000001,227779092.31
2024-06-30,602160000.0,587862703.1832691,558267773.7889962,619781518.918617,360647248.0,358541712.6822981,346267836.64833045,372027187.2682307,589833.29,581972.0294628929,570491.9855273326,595345.2237875608,602160000.0,360647248.0,589833.29,77954.1,29941053.15,4635503.109999996,7835926.0,30221732.4,75554.33099999999,77954.1,240922918.70999998,240844964.60999998,60211241.152499996,29941053.15,210903911.45999998,-7835926.0,4635503.109999996,207703488.56999996
2024-07-31,613329405.0,555840657.1268133,524438172.2362178,586633501.7018437,368805481.1999999,336282263.75413984,322801385.45169264,349725672.9197428,580011.73,566091.678330214,554394.5191311951,578554.111897532,613329405.0,368805481.1999999,580011.73,78623.19,30501811.52,281015.950000003,3516880.0,30221732.4,75554.33099999999,78623.19,243943912.07000005,243865288.88000005,60966322.22000001,30501811.52,213363477.36000007,-3516880.0,281015.950000003,210127613.31000006
2024-08-31,578492791.21,589734494.0971731,559554454.8726132,621896143.993098,346347887.20000005,355521346.1547034,342285289.4649847,368818410.5726469,599188.04,612862.4574036711,600743.2974889617,625171.7982166712,578492791.21,346347887.20000005,599188.04,55146.37,28761055.96,-9860263.489999998,4405196.0,30221732.4,75554.33099999999,55146.37,231545715.96999997,231490569.59999996,57872642.39999999,28761055.96,202729513.64,-4405196.0,-9860263.489999998,188464054.14999998
2024-09-30,586845090.0,601794585.8574407,571368137.2169343,632731131.1268406,352539907.2,358075547.97129166,344899593.5580609,371313740.5375534,580064.13,565198.6177780225,551867.1103174798,576634.9823306814,586845090.0,352539907.2,580064.13,81673.21,29176820.16,11141276.02,5661623.0,30221732.4,75554.33099999999,81673.21,233725118.67000002,233643445.46,58410861.365,29176820.16,204466625.3,-5661623.0,11141276.02,209946278.32000002
2024-10-31,596618707.07,712683653.0659314,680950814.7050763,743277079.9907035,359052580.85,407147960.4372614,394857225.0062949,420227928.4716408,568540.84,629998.1846665478,617168.8235631641,642581.2420951007,596618707.07,359052580.85,568540.84,60855.28,29673586.32,-8743531.36,4081051.0,30221732.4,75554.33099999999,60855.28,236997585.38000005,236936730.10000005,59234182.52500001,29673586.32,207263143.7800001,-4081051.0,-8743531.36,194438561.42000008
2024-11-30,642819970.0,567402032.6784266,538664290.8918952,600125230.2690916,386269863.2000001,337179314.8935562,324735487.3458247,349980924.70387644,575610.44,586072.6940356923,573700.2229199166,598599.5058329622,642819970.0,386269863.2000001,575610.44,60632.33,31981937.81,-93639.55000000076,6288048.0,30221732.4,75554.33099999999,60632.33,255974496.3599999,255913864.02999988,63978466.00749997,31981937.81,223931926.2199999,-6288048.0,-93639.55000000076,217550238.6699999
2024-12-31,639906800.0,556881273.9831656,525304280.6575136,589541778.534481,384374744.0,348708957.71403563,336893439.75660884,362641474.0934751,583082.9,591711.0778405445,578413.5129591882,604033.9014337744,639906800.0,384374744.0,583082.9,75554.33,31830680.69,6267239.649999999,7262046.0,30221732.4,75554.33099999999,75554.33,254948973.10000002,254873418.77,63718354.6925,31830680.69,223042738.08000004,-7262046.0,6267239.649999999,222047931.73000005
2025-01-31,,641102542.0796103,608460247.6385938,673184363.643617,,388585862.59371006,374493483.6527329,401505935.6259407,,601270.1111174519,588794.3345624212,613662.5915536592,641102542.0796103,388585862.59371006,601270.1111174519,,,,,30221732.4,75554.33099999999,75554.33099999999,251915409.37478286,251839855.04378286,62959963.760945715,62959963.760945715,188879891.28283715,-0.0,0.0,188879891.28283715
2025-02-28,,783533242.1516646,749250156.9905801,815781380.1815447,,451808138.35892975,438465703.3184362,465981940.9854827,,624428.4264191466,611206.6845248339,637663.6038749181,783533242.1516646,451808138.35892975,624428.4264191466,,,,,30221732.4,75554.33099999999,75554.33099999999,331100675.3663157,331025121.03531575,82756280.25882894,82756280.25882894,248268840.7764868,-0.0,0.0,248268840.7764868
2025-03-31,,775637157.5078138,743973032.6655457,808079149.8756627,,450329305.7246732,437778972.4902443,464618242.6131015,,631478.8562437986,618613.3760020898,644187.303134126,775637157.5078138,450329305.7246732,631478.8562437986,,,,,30221732.4,75554.33099999999,75554.33099999999,324676372.9268968,324600818.59589684,81150204.64897421,81150204.64897421,243450613.94692266,-0.0,0.0,243450613.94692266
2025-04-30,,927159838.593734,893919251.9388419,958649784.4998788,,512281876.7495175,499367318.247559,525556721.1304749,,646854.8035680045,634200.8748383458,659104.9989268526,927159838.593734,512281876.7495175,646854.8035680045,,,,,30221732.4,75554.33099999999,75554.33099999999,414231107.0406485,414155552.70964855,103538888.17741214,103538888.17741214,310616664.53223646,-0.0,0.0,310616664.53223646
2025-05-31,,838082056.9818865,807782825.3311802,869956048.3526424,,471067826.5614444,457875384.6207051,483902267.9978114,,633277.312898653,620223.3293031576,646079.3373970945,838082056.9818865,471067826.5614444,633277.312898653,,,,,30221732.4,75554.33099999999,75554.33099999999,366380953.10754347,366305398.7765435,91576349.69413587,91576349.69413587,274729049.0824076,-0.0,0.0,274729049.0824076
2025-06-30,,624968959.0827143,593768795.1412328,658001472.5307543,,378673821.27337104,365514069.78755325,391958413.3809928,,595545.5881131836,581782.4486826011,608594.1433545188,624968959.0827143,378673821.27337104,595545.5881131836,,,,,30221732.4,75554.33099999999,75554.33099999999,245699592.2212301,245624037.8902301,61406009.47255752,61406009.47255752,184218028.41767257,-0.0,0.0,184218028.41767257
2025-07-31,,811030573.7713209,780126367.7446057,843996333.8529546,,447248968.26862174,432844339.8193539,460090772.9134448,,620075.3252946254,606743.4632783333,633678.6716512849,811030573.7713209,447248968.26862174,620075.3252946254,,,,,30221732.4,75554.33099999999,75554.33099999999,363161530.1774046,363085975.8464046,90771493.96160115,90771493.96160115,272314481.8848034,-0.0,0.0,272314481.8848034
2025-08-31,,726600961.8717637,695864226.8540535,757812804.826897,,407006867.9463466,394168602.28994113,420422125.6718954,,660197.5085466336,645468.5624348175,673725.8266291977,726600961.8717637,407006867.9463466,660197.5085466336,,,,,30221732.4,75554.33099999999,75554.33099999999,318933896.4168705,318858342.0858705,79714585.52146763,79714585.52146763,239143756.56440288,-0.0,0.0,239143756.56440288
2025-09-30,,578352309.1458166,547675697.6760657,608614871.6151434,,347444269.7730773,333945622.55444896,360987239.1930486,,598030.2325764308,584709.3336455037,610981.749159321,578352309.1458166,347444269.7730773,598030.2325764308,,,,,30221732.4,75554.33099999999,75554.33099999999,230310009.14016283,230234454.80916283,57558613.70229071,57558613.70229071,172675841.10687214,-0.0,0.0,172675841.10687214
2025-10-31,,595371491.2690349,564945364.1571004,628153107.0294147,,361389946.68452,348751721.3042108,375073234.5463086,,618275.5255722544,603732.564535992,632272.9989502046,595371491.2690349,361389946.68452,618275.5255722544,,,,,30221732.4,75554.33099999999,75554.33099999999,233363269.05894262,233287714.72794262,58321928.681985654,58321928.681985654,174965786.04595697,-0.0,0.0,174965786.04595697
2025-11-30,,458497837.78590417,430125998.5771845,488496584.8764389,,303132460.82080853,289748227.4354046,316845449.8301627,,573020.995848371,558568.9606048319,587954.8381092622,458497837.78590417,303132460.82080853,573020.995848371,,,,,30221732.4,75554.33099999999,75554.33099999999,154792355.96924728,154716801.63824728,38679200.40956182,38679200.40956182,116037601.2286855,-0.0,0.0,116037601.2286855
2025-12-31,,590450492.372784,560813358.4111203,621286802.6385155,,374692583.6039772,360675169.8758523,387735607.3382747,,589887.3109616216,574677.4132212418,603664.2174961657,590450492.372784,374692583.6039772,589887.3109616216,,,,,30221732.4,75554.33099999999,75554.33099999999,215168021.4578452,215092467.1268452,53773116.7817113,53773116.7817113,161319350.34513396,-0.0,0.0,161319350.34513396
2026-01-31,,476926199.1404849,444062892.29486,507267785.7335251,,318721312.40813726,305392405.8060584,331985201.52081376,,599025.0799302363,583128.6264002831,613728.9843828666,476926199.1404849,318721312.40813726,599025.0799302363,,,,,30221732.4,75554.33099999999,75554.33099999999,157605861.65241742,157530307.32141742,39382576.830354355,39382576.830354355,118147730.49106312,-0.0,0.0,118147730.49106312
2026-02-28,,440832971.0315108,408900243.0776407,469458606.0180282,,321682894.2473255,308677179.5379955,334849293.10573334,,567167.3879750113,550087.676434857,580904.8425204554,440832971.0315108,321682894.2473255,567167.3879750113,,,,,30221732.4,75554.33099999999,75554.33099999999,118582909.39621025,118507355.06521025,29626838.766302563,29626838.766302563,88880516.2989077,-0.0,0.0,88880516.2989077
2026-03-31,,639293543.7214339,608864531.3379458,670901094.1408684,,399769013.3319778,386815443.9710196,412482533.6152035,,607484.8691810147,591254.1644216491,622360.9549657726,639293543.7214339,399769013.3319778,607484.8691810147,,,,,30221732.4,75554.33099999999,75554.33099999999,238917045.52027506,238841491.18927506,59710372.797318764,59710372.797318764,179131118.39195633,-0.0,0.0,179131118.39195633
2026-04-30,,784902476.5265199,755490887.603668,815667645.3960977,,464867899.33539134,451473722.1369312,478235044.03764015,,623267.3778810193,606279.2516503267,638238.5548684794,784902476.5265199,464867899.33539134,623267.3778810193,,,,,30221732.4,75554.33099999999,75554.33099999999,319411309.81324756,319335755.4822476,79833938.8705619,79833938.8705619,239501816.61168563,-0.0,0.0,239501816.61168563
2026-05-31,,721707848.3899333,690131952.8790896,752680857.6281366,,429063722.7499272,415794835.3973607,442885341.5514683,,626145.009556328,609439.1969852025,642311.504529738,721707848.3899333,429063722.7499272,626145.009556328,,,,,30221732.4,75554.33099999999,75554.33099999999,292017980.6304498,291942426.2994498,72985606.57486245,72985606.57486245,218956819.72458732,-0.0,0.0,218956819.72458732
2026-06-30,,501379605.1147136,468887413.10833097,533676778.4132869,,329806821.1442442,317407096.1766897,342665382.9719402,,600534.5180317835,584043.9897786469,617286.7787079106,501379605.1147136,329806821.1442442,600534.5180317835,,,,,30221732.4,75554.33099999999,75554.33099999999,170972249.45243764,170896695.12143764,42724173.78035941,42724173.78035941,128172521.34107828,-0.0,0.0,128172521.34107828
